cod_canton,canton,provincia,PC1,PC2,cuadrante,cluster_kmeans4,IDH_2024,ICC_2024,PIB_percapita_2022,UJ_por_1000hab_2024,ISC_2025,IPM_2024,IVDAC_2024,Pilar_CalidadVida,Pilar_Economico,Pilar_Empresarial,Pilar_Gobierno,Pilar_Infraestructura,Pilar_Innovacion,Pilar_Laboral,Internet_hogares_pct,Entidades_financieras_xkm2,Log_gasto_vial_xkmrvc,Log_viviendas_electricidad_xkm2,Red_vial_pavimentada_pct,Cobertura_movil_pct,Llamadas_completadas_pct,Velocidad_movil_pct,IVDAC_demanda,IVDAC_institucional,IVDAC_manifestacion_violencia,IVDAC_oferta_trafico,es_Q3
101,San José,San José,1.6785526703482772,-3.994600296783804,"Q4 (PC1+ , PC2-)",3,0.814500897738676,66.018798828125,22.883816762891666,138.92480977272845,0.70904142117354,0.0461572271010037,0.702761104983901,45.5352935791016,66.9229736328125,67.3998107910156,62.7404441833496,82.3671340942383,69.5483932495117,67.6175689697266,81.0659027099609,100.0,56.310417175293,96.8116607666016,100.0,85.6336059570313,69.6494445800781,43.6944999694824,0.476410917700403,0.4,0.934633502235202,1.0,False
102,Escazú,San José,5.597047466510219,-1.4712361517563752,"Q4 (PC1+ , PC2-)",3,0.91395057800921,71.9805374145508,28.126979841532616,178.51060974777366,0.98253547275172,0.0294885208624327,0.21547419754888,69.5382232666016,80.3993911743164,66.0081176757813,75.2723922729492,74.0186538696289,79.9899597167969,58.637020111084,100.0,41.9095001220703,99.9999771118164,77.2450561523438,75.3193588256836,60.3678932189941,57.5467834472656,50.7387466430664,0.168644088889613,0.2,0.336516440710231,0.156736260595676,False
103,Desamparados,San José,0.2911018344170861,0.5118678567721093,"Q1 (PC1+ , PC2+)",2,0.800240775186397,51.2223777770996,3.9389329481145294,43.31348194377309,0.92952475178278,0.030919748210113,0.479550576918485,64.6790237426758,28.9970951080322,32.7069091796875,29.9387969970703,82.9257583618164,49.9815521240234,69.3275146484375,65.839111328125,5.74791288375855,18.2988739013672,74.50927734375,63.0322227478027,100.0,86.7027130126953,93.1340484619141,0.30896288448677,0.4,0.390872107508919,0.81836731567825,False
104,Puriscal,San José,0.078940727428326,1.2457816450931485,"Q1 (PC1+ , PC2+)",2,0.800816395008548,42.2429428100586,3.362621234071096,39.85228024698475,0.901867276413838,0.0298642995180177,0.328205349362983,61.5512542724609,28.7908916473389,27.8627490997314,41.9205513000488,42.6750450134277,32.6033363342285,60.2967720031738,31.5360507965088,0.362119823694229,51.168514251709,24.9189453125,14.4695177078247,61.4219245910645,51.7915382385254,35.5568580627441,0.578726118561117,0.55,0.122142721448264,0.0619525574425511,False
105,Tarrazú,San José,0.068677288154215,1.0764263812437476,"Q1 (PC1+ , PC2+)",2,0.755295656093119,39.3525924682617,5.637932622837922,91.27203807926271,0.976008310119945,0.0826241191144547,0.290291904213708,63.1716728210449,37.3148155212402,10.1666135787964,43.9865684509277,49.0290908813477,38.0824127197266,33.716968536377,27.7633247375488,0.690050423145294,30.3957939147949,21.7459487915039,20.4900569915772,68.1710357666016,80.4959259033203,67.8065338134766,0.50756196086412,0.6,0.0,0.0536056559907104,False
106,Aserrí,San José,-0.380057111413786,1.0524318184003532,"Q2 (PC1- , PC2+)",2,0.794624761464801,42.0841407775879,2.337767778075699,34.79137614680356,0.925447352434989,0.0388773787620771,0.443198570409408,63.620288848877,14.5214853286743,31.0251388549805,28.4631938934326,57.1322326660156,43.716983795166,56.1096496582031,38.5556373596191,0.955621063709259,35.9423866271973,48.782154083252,21.2569618225098,76.4474716186523,68.2151412963867,61.7817573547363,0.391894858527718,0.85,0.22837061715542,0.302528805954494,False
107,Mora,San José,1.446077936501477,0.7985329297106236,"Q1 (PC1+ , PC2+)",4,0.858365996441958,47.481689453125,7.914838773015925,71.0034574904318,0.923322261442979,0.0350487365175704,0.286162308133625,53.6157989501953,46.1862564086914,31.9052257537842,46.092658996582,51.4631423950195,45.6255683898926,57.4831848144531,63.7026290893555,1.22945296764374,45.7253532409668,40.533073425293,23.8209629058838,53.7513656616211,54.4870796203613,40.8754501342773,0.52212393325295,0.55,0.0,0.0725252992815494,False
108,Goicoechea,San José,1.0262074760649045,0.3674437039487167,"Q1 (PC1+ , PC2+)",4,0.809666849367857,55.34326171875,7.711414322205155,56.72533518597523,0.920748565913876,0.0361143045044856,0.376530074969931,59.3567085266113,47.3417549133301,35.3497772216797,41.739933013916,81.591423034668,57.9299392700195,64.0932846069336,84.9558486938477,22.825475692749,52.1765480041504,86.7348327636719,99.4977645874023,81.4997406005859,72.3324661254883,46.4045028686523,0.385926553748253,0.2,0.683141744899192,0.237052001232276,False
109,Santa Ana,San José,4.244570879472964,-1.4976483763009265,"Q4 (PC1+ , PC2-)",3,0.906830327783547,61.8384513854981,32.79314280292561,131.5051433930964,0.910667410365794,0.0263333654863372,0.2844906339014,65.4623031616211,73.1481018066406,47.5933036804199,56.7758140563965,71.8631210327148,66.8042831420898,51.2222366333008,100.0,9.8172082901001,60.5403709411621,64.8837890625,54.6396255493164,12.137113571167,83.6319198608398,97.821403503418,0.310074169057047,0.3,0.0773411748480848,0.450547191700469,False
110,Alajuelita,San José,-1.3650492998718202,0.3214014927153879,"Q2 (PC1- , PC2+)",2,0.758261893368289,44.737922668457,2.053719734819864,22.654976225289506,0.914916887453922,0.0550704643556415,0.63400317893833,51.1930084228516,20.4246253967285,43.9773101806641,24.0748481750488,69.7179718017578,48.1931610107422,55.5845260620117,42.216854095459,3.74459218978882,50.6854057312012,83.4995422363281,75.8801956176758,73.8535842895508,89.511116027832,27.5514545440674,0.456344112320875,0.6,1.0,0.479668603432447,False
111,Vázquez de Coronado,San José,1.0969212747872683,1.1511812864926734,"Q1 (PC1+ , PC2+)",4,0.848179413643525,45.3937301635742,4.524038129779458,59.10673726054812,0.955929456564006,0.0219549023203575,0.347880927443685,59.4337043762207,21.4408397674561,31.0071048736572,38.0925369262695,68.3129348754883,45.7638778686523,53.7051048278809,94.4407348632813,1.25658631324768,57.463680267334,46.3003387451172,55.4769973754883,72.036491394043,75.469367980957,38.9680099487305,0.485259097153476,0.8,0.0665704590502871,0.0396941535709759,False
112,Acosta,San José,-0.5369508962557807,1.3181404276560882,"Q2 (PC1- , PC2+)",2,0.76168580636429,38.7364311218262,3.4425128271960923,39.62632301626904,0.945923430946519,0.0400245399214365,0.399803263055608,63.488956451416,26.2957572937012,25.1691818237305,39.7263374328613,38.5058670043945,36.4615898132324,41.5073280334473,6.51205492019653,0.352039337158203,17.4764137268066,23.9706649780273,8.1677770614624,47.0893516540527,80.4011383056641,38.4742126464844,0.554533427057194,0.9,0.0,0.144679625165239,False
113,Tibás,San José,1.4839522008533637,0.5158683119295069,"Q1 (PC1+ , PC2+)",4,0.809493696582508,59.2566986083984,7.173499364395834,59.37218440849948,0.944884271292786,0.026833920242428,0.345122366697754,71.6298751831055,48.8022308349609,52.9902801513672,43.2316780090332,84.989143371582,61.4637298583984,51.6899642944336,91.8857421875,58.3287048339844,66.9441833496094,100.0,100.0,79.4441375732422,77.7148284912109,46.164478302002,0.306481466279924,0.65,0.224238825763705,0.199769174747388,False
114,Moravia,San José,2.4802234655950977,0.5152228387916497,"Q1 (PC1+ , PC2+)",4,0.866724931692289,58.400936126709,6.446541246398428,87.99538443734636,0.916712293224245,0.020119040975269,0.236082521336632,74.5867462158203,47.8428039550781,38.9689712524414,44.6375007629395,73.8656387329102,63.9569854736328,64.9479141235352,100.0,16.7376251220703,66.12939453125,76.6786804199219,92.4447631835938,62.2979278564453,44.3500556945801,41.5732498168945,0.240062782336648,0.25,0.3099586512425,0.14430865176738,False
115,Montes de Oca,San José,4.285614317341941,-0.9774500381711456,"Q4 (PC1+ , PC2-)",3,0.891613552541307,63.2064895629883,22.065867113003247,146.33450213414392,0.933767393005423,0.0135640163083291,0.263892533123488,66.5442276000977,62.5176963806152,53.4399528503418,41.4951553344727,80.8122406005859,69.7251663208008,67.9109954833984,100.0,45.8534545898438,69.8917236328125,87.1256103515625,89.2562942504883,59.0789451599121,82.2938690185547,48.2161636352539,0.259345779513891,0.25,0.155960338431773,0.390264014548286,False
116,Turrubares,San José,-0.8916031108888127,1.5600114073557754,"Q2 (PC1- , PC2+)",2,0.805214854927305,34.0588302612305,2.400876395747608,25.576176571774,0.979809043532606,0.0537000118070641,0.477102269706253,51.6009559631348,17.9073314666748,25.5841827392578,56.1760520935059,23.4439010620117,35.6370964050293,28.0622940063477,0.0,0.0049999998882412,45.8850212097168,1.30427598953247,1.20044457912445,0.0,66.9413909912109,36.9490051269531,0.295769204236256,0.9,0.649203423554765,0.0634364510339895,False
117,Dota,San José,-0.272578451251795,0.4860302305943287,"Q2 (PC1- , PC2+)",2,0.756406448838213,40.3537063598633,4.857950999170211,84.37572633506235,0.860310775776186,0.0748343676142056,0.296960793600363,55.3674087524414,40.8443222045898,25.8927307128906,53.4667053222656,37.3384284973145,34.0504455566406,35.5159111022949,33.5870666503906,0.29817670583725,49.5954780578613,6.12607860565186,6.208580493927,83.996826171875,32.9277229309082,67.2131805419922,0.473931671981719,0.7,0.0,0.0139115024197345,False
118,Curridabat,San José,2.964349148723352,-0.1485453101727007,"Q4 (PC1+ , PC2-)",4,0.868500387502542,63.5967254638672,12.106772825416227,104.21233192308624,0.91676860904188,0.0357767249632985,0.241726656080557,62.2872772216797,63.418586730957,47.530403137207,58.7737197875977,84.2546539306641,70.1653289794922,58.7471046447754,100.0,42.5510215759277,80.2866363525391,88.8888397216797,100.0,68.0308151245117,91.6989212036133,41.4491844177246,0.200282164480137,0.45,0.180662709526552,0.135961750315539,False
119,Pérez Zeledón,San José,-0.1151035212589413,0.0575202457428661,"Q2 (PC1- , PC2+)",2,0.769934629539999,46.3677024841309,5.167557893895433,67.21896033027596,0.831443036727253,0.0506952421554247,0.384939369848637,72.0970077514648,34.6797714233398,27.9404850006104,34.3094215393066,48.9986457824707,39.8566017150879,66.6919937133789,67.2525253295898,0.761217355728149,13.9365081787109,27.6212635040283,4.68015480041504,36.6969184875488,72.0773468017578,40.4514923095703,0.503200907046064,0.45,0.106887968916037,0.479668603432447,False
120,León Cortés Castro,San José,-0.5313938983939671,0.7163715739720282,"Q2 (PC1- , PC2+)",2,0.766940535076008,37.9387130737305,6.574041988801143,63.44467389407399,0.893960626203313,0.07244256977066,0.35351213649175,69.1965713500977,22.83078956604,2.84511876106262,50.2789878845215,43.9418029785156,38.7756309509277,37.7020988464356,4.5010929107666,0.65952742099762,49.9958267211914,30.659553527832,15.0715007781982,82.3800430297852,50.0576477050781,85.0593185424805,0.485112620933951,0.9,0.0,0.0289359250330478,False
201,Alajuela,Alajuela,1.27845896417784,-1.340247741735166,"Q4 (PC1+ , PC2-)",4,0.833575618846815,64.3559036254883,13.88149520696878,62.34961033117441,0.848420972300311,0.0358523320617833,0.56245801591793,58.5241584777832,65.461067199707,36.131763458252,62.1443252563477,65.7417755126953,85.848388671875,76.6398620605469,59.4237670898438,4.82448148727417,86.9123229980469,61.7725563049316,87.5482559204102,62.6091346740723,57.9750480651856,37.4733123779297,0.377333635828234,0.55,0.322498427843488,1.0,False
202,San Ramón,Alajuela,-0.2003629650997888,-0.410030876381896,"Q3 (PC1- , PC2-)",2,0.81037374279489,47.7991561889648,4.250625317330883,58.25775743524499,0.832839804943119,0.0440010289487847,0.551565465277664,73.4251251220703,36.5831832885742,29.9735946655273,37.3118705749512,48.0546760559082,44.8783149719238,64.3673248291016,44.9919776916504,0.432767480611801,17.3808555603027,28.5140609741211,22.3802528381348,67.7558441162109,57.4237632751465,29.0760040283203,0.425658078593017,0.35,0.726681760079073,0.703922022438567,True
203,Grecia,Alajuela,1.056866608718268,0.4029150417779145,"Q1 (PC1+ , PC2+)",4,0.827441075847335,54.8780860900879,6.317276857331969,58.30249272132741,0.936805245283026,0.0385422548831327,0.408615509179618,63.1917915344238,54.1192932128906,31.1036052703857,43.0611228942871,58.1533622741699,67.1290969848633,67.3883209228516,48.6451301574707,2.82151985168457,47.3033332824707,55.7337989807129,81.2056121826172,55.5244560241699,38.6041221618652,27.6398544311523,0.348715925456299,0.7,0.0593348596994196,0.526411251562755,False
204,San Mateo,Alajuela,-0.6292940493693217,0.5180837834677489,"Q2 (PC1- , PC2+)",2,0.753973633234521,47.4162979125977,2.7759214620469628,36.36762463781273,0.784870760601276,0.0518159318971093,0.296749115800799,66.3868713378906,44.6327133178711,30.1202507019043,57.0005035400391,48.0261077880859,35.7244644165039,50.0231704711914,43.9175491333008,0.0049999998882412,52.2607383728027,20.4320526123047,24.8753032684326,53.5098266601563,38.6017837524414,59.5292701721191,0.260657351955165,0.9,0.0,0.0263391112480307,False
205,Atenas,Alajuela,0.9770015957842708,0.480367403811748,"Q1 (PC1+ , PC2+)",4,0.867123928097109,48.3459930419922,4.186163473819674,61.045820043466286,0.897886608090777,0.0307603062603436,0.408318566092561,62.1365547180176,36.6223564147949,32.2395095825195,46.4777297973633,51.6617774963379,50.253776550293,59.0302505493164,53.3709297180176,1.59112572669983,36.3012924194336,43.437385559082,54.9767379760742,58.277946472168,31.7879085540772,35.2164611816406,0.536597274091932,0.4,0.471125164379684,0.225551825898629,False
206,Naranjo,Alajuela,0.8299458457886975,1.7813253900159596,"Q1 (PC1+ , PC2+)",2,0.794120701298094,48.7785758972168,3.448731360291068,48.10696597778193,0.978828302059394,0.0419576048554376,0.209382203572583,66.3414993286133,38.0448112487793,30.4735717773438,44.4853019714356,52.0146102905273,52.86474609375,57.2254981994629,33.3609237670898,2.53157186508179,48.7393951416016,49.0825347900391,59.6807250976563,57.0387229919434,31.2028141021729,34.124885559082,0.338501586338664,0.3,0.0,0.199027227951669,False
207,Palmares,Alajuela,1.0456845864027495,1.002822933637666,"Q1 (PC1+ , PC2+)",4,0.810258271689201,50.1482200622559,4.903694910603646,60.60966652985539,0.955390453847798,0.027548948954157,0.330897946894506,63.9973106384277,38.6052322387695,33.9277305603027,39.9338226318359,64.512939453125,49.2720489501953,60.788459777832,53.1649284362793,5.16155529022217,57.332878112793,64.9614486694336,65.3516311645508,66.7702255249023,62.736083984375,50.9014663696289,0.460913892396827,0.25,0.337230147270453,0.275447747910744,False
208,Poás,Alajuela,0.7158746638420649,1.432982393847499,"Q1 (PC1+ , PC2+)",2,0.797867145041301,48.9472160339356,4.722388059659287,47.386673044813264,0.976776972454983,0.0414551531961477,0.288297952091048,60.6943855285645,38.8445205688477,35.3251800537109,42.0578994750977,58.7270927429199,52.8803596496582,54.1010665893555,31.1489372253418,2.69859004020691,44.1800537109375,52.9756011962891,83.2505798339844,37.2094421386719,64.3060455322266,42.9439010620117,0.264633244263635,0.75,0.0,0.138558564100556,False
209,Orotina,Alajuela,-0.7294753304453679,-0.6122763857100096,"Q3 (PC1- , PC2-)",2,0.796856211212418,47.5485229492188,4.049279536454705,41.6081362864708,0.779726589343413,0.0400300525521101,0.581021164179028,54.6302032470703,61.522819519043,33.327392578125,49.5650787353516,55.6435394287109,30.7543277740479,47.3962936401367,59.3562240600586,1.66211271286011,74.9059371948242,37.3093948364258,30.8981170654297,59.8699035644531,64.1842498779297,38.1720848083496,0.260940421341859,0.6,0.763673893710001,0.699470341664252,True
210,San Carlos,Alajuela,-0.1397158725364989,0.0700082701771009,"Q2 (PC1- , PC2+)",2,0.806722643477325,49.0851593017578,5.764803690144138,53.22636013239161,0.842406550988602,0.0748033739342136,0.395172622028487,64.9916381835938,44.7497253417969,33.4512825012207,40.6245651245117,55.1032829284668,41.3640365600586,63.3115921020508,62.7275772094727,0.539631068706513,28.0626087188721,20.9209995269775,6.86771488189697,68.8876876831055,84.0295944213867,42.5745964050293,0.29304941071999,0.6,0.136374608174609,0.551266469219347,False
211,Zarcero,Alajuela,1.0902639593698815,1.2088097912205762,"Q1 (PC1+ , PC2+)",4,0.812855378705257,45.4820594787598,7.586553002676299,73.0951659063352,0.978414701446153,0.0482820330281705,0.263474801179192,59.5399742126465,39.9936752319336,32.0482597351074,50.8875007629395,41.5306625366211,50.2568778991699,44.1174583435059,35.5252113342285,1.53272235393524,31.8665199279785,28.1411170959473,15.1977624893188,31.4477233886719,54.8618087768555,25.8262100219727,0.191286109189542,0.85,0.0,0.012613095527226,False
212,Sarchí,Alajuela,0.3171974358774695,1.310539281903944,"Q1 (PC1+ , PC2+)",2,0.776134620652117,48.7269325256348,4.89488605812257,39.32065605854157,0.940912142444081,0.042728607005442,0.287311109674282,63.2530250549316,41.784610748291,30.9960556030273,50.8842964172363,55.1335029602051,54.3226356506348,44.714412689209,33.3873672485352,0.881732702255249,66.9422760009766,36.4477424621582,61.6863594055176,44.9799003601074,68.563362121582,41.1549911499023,0.363364097092632,0.7,0.0,0.0858803416044945,False
213,Upala,Alajuela,-2.0936417150890785,0.906909324209702,"Q2 (PC1- , PC2+)",1,0.732207325515978,36.7429046630859,3.096655072360596,26.521462298163847,0.860696591096475,0.111683428288634,0.385172770498959,59.9209327697754,29.2686405181885,25.9322242736816,24.7111301422119,49.354663848877,30.7560539245605,37.2566833496094,25.4815940856934,0.151436060667038,9.4621114730835,12.7370519638062,1.36676347255707,70.2473068237305,81.5712280273438,54.363883972168,0.560847527943584,0.8,0.0843179041034093,0.0955256499488438,False
214,Los Chiles,Alajuela,-3.997844446604736,0.322520480005231,"Q2 (PC1- , PC2+)",1,0.685815336372769,31.7370147705078,2.98102016328336,19.168984061923947,0.758338929572492,0.188179463310223,0.392441541544699,55.4515609741211,29.0371322631836,27.9251804351807,29.8115043640137,44.0973854064941,12.674467086792,23.1618785858154,27.0705795288086,0.0301627479493618,5.41499048267724e-07,7.40955400466919,0.75480991601944,80.2107772827148,89.8849487304688,48.1257133483887,0.419109904743777,0.7,0.388703703992467,0.0619525574425511,False
215,Guatuso,Alajuela,-1.9768332222496932,0.4941069387636271,"Q2 (PC1- , PC2+)",1,0.715091043970686,38.5434341430664,2.382038723951106,33.6728407332025,0.795070821022145,0.0869984688487907,0.383042332381702,63.8930740356445,23.0452480316162,29.1552410125732,44.1120300292969,50.9884414672852,30.0587978363037,28.5511989593506,27.5619831085205,0.160188347101212,28.8614807128906,7.29571294784546,2.91902732849121,76.1808319091797,77.8994827270508,65.3472442626953,0.612797304127064,0.85,0.0,0.0693720253997429,False
216,Río Cuarto,Alajuela,-0.3091342914319031,0.9985539478061792,"Q2 (PC1- , PC2+)",2,0.770049457005558,45.6533203125,3.1810755079004376,43.52841005961078,0.892840931563296,0.0608102285170881,0.318978589575951,63.6833877563477,40.9790115356445,49.0108261108398,44.777027130127,45.2002487182617,23.0053882598877,52.9173393249512,33.5765953063965,0.0049999998882412,45.9637794494629,18.1698379516602,15.898021697998,66.0747146606445,47.9807929992676,34.9869728088379,0.15894628304745,0.8,0.268370560136747,0.048597515119606,False
301,Cartago,Cartago,1.8985973201793505,-0.3966309796534741,"Q4 (PC1+ , PC2-)",4,0.847401219385358,63.2738189697266,11.303204142529516,70.41595016247656,0.854583418321063,0.0378735049055782,0.325913002185421,69.0723190307617,68.5013732910156,33.7567825317383,48.4743003845215,70.034553527832,83.1271438598633,69.9502563476563,63.434253692627,4.76042652130127,40.5754547119141,55.7599067687988,38.0937232971191,88.543830871582,72.6297988891602,74.2884674072266,0.31760259570264,0.1,0.380783645154285,0.505265767884758,False
302,Paraíso,Cartago,0.3886014880066919,0.5829908467945396,"Q1 (PC1+ , PC2+)",2,0.82122400574703,50.046688079834,4.726985711105472,40.74470963304493,0.90514422777475,0.0350069551887803,0.42685141279379,64.4899291992188,42.1005554199219,34.5010643005371,41.2262687683106,60.5114250183106,50.7765655517578,56.7210006713867,42.6475830078125,0.4213647544384,25.3533058166504,32.7008934020996,40.7898445129395,81.9622802734375,74.7934494018555,54.5519523620606,0.354045519253401,0.5,0.69940617181003,0.153953960111729,False
303,La Unión,Cartago,1.4834715557510525,0.3740044193871311,"Q1 (PC1+ , PC2+)",4,0.863967016911709,56.6459159851074,5.571576638531216,61.06512441849976,0.89769719935535,0.0370191796167392,0.342232553341456,68.3182907104492,56.5631942749023,35.2814979553223,47.4261932373047,72.6491928100586,62.2632102966309,54.0198440551758,82.484504699707,10.0086059570313,75.5603713989258,77.266357421875,93.19482421875,69.8563537597656,37.0660514831543,50.5740509033203,0.334144445480621,0.3,0.50292739422296,0.231858373662242,False
304,Jiménez,Cartago,-0.4459285356975841,1.4245795030377078,"Q2 (PC1- , PC2+)",2,0.768912385807482,40.5328254699707,7.332209613249095,23.401488228447047,0.979458462940032,0.0449697860154212,0.40583059589141,71.0920944213867,13.8451976776123,25.769359588623,48.2109146118164,49.5114250183106,34.4123115539551,40.8884658813477,7.01155662536621,0.0049999998882412,39.8136596679688,24.6971225738525,11.2387981414795,69.1596832275391,76.4174728393555,69.8814392089844,0.357511718742307,0.9,0.301817753692553,0.0639929111307789,False
305,Turrialba,Cartago,-1.2039306864732413,-0.1862047399096426,"Q3 (PC1- , PC2-)",1,0.802503553061161,42.1530990600586,5.1458800906943125,46.95103079438508,0.861627959462672,0.0958454349491963,0.569992843973112,60.255672454834,32.7216567993164,28.2091674804688,40.0769958496094,50.4552154541016,26.4581489562988,56.8948249816895,29.0332736968994,0.202351778745651,41.1208267211914,20.1174259185791,5.33479452133179,69.1421127319336,76.7530975341797,76.9151840209961,0.394051949722883,0.7,0.899527963021963,0.286391463147602,True
306,Alvarado,Cartago,0.4903138093390798,0.7952058748507528,"Q1 (PC1+ , PC2+)",2,0.840620059107419,47.4019470214844,5.975087942836944,48.15389002342026,0.936407593682095,0.0565232618895922,0.387537946657422,78.6957626342773,37.4168701171875,27.1421184539795,44.9540824890137,50.1543693542481,49.7342147827148,43.7162246704102,9.64744853973389,1.01523423194885,37.0896987915039,39.7046127319336,18.4185543060303,74.5616226196289,49.8795433044434,62.9332008361816,0.229144355020534,0.9,0.314352579724524,0.106654851884631,False
307,Oreamuno,Cartago,0.2267379611205914,0.6771379255051153,"Q1 (PC1+ , PC2+)",2,0.81132868350387,48.0785331726074,3.0756130855846555,43.423355105261145,0.881116267440282,0.0329822566627737,0.392901143099252,67.1145324707031,38.2131690979004,31.0072765350342,39.9299354553223,57.3658981323242,54.7714424133301,48.1474761962891,48.8699645996094,0.792512178421021,46.9494667053223,40.796314239502,47.624942779541,76.7886734008789,46.6768608093262,46.9418869018555,0.343374803519909,0.85,0.293647834165112,0.084581934711986,False
308,El Guarco,Cartago,1.2386752129487546,0.6487896885034619,"Q1 (PC1+ , PC2+)",4,0.823465483077924,54.5577735900879,4.907501454665439,63.322850941897904,0.916878838403417,0.0338262441565656,0.3164683731434,74.6998977661133,48.6913642883301,29.8360691070557,37.9678688049316,55.2314682006836,79.676887512207,55.8008575439453,50.1274719238281,1.63597321510315,36.9879341125488,43.9550628662109,23.8602466583252,84.3704071044922,53.7741012573242,41.9524116516113,0.356081574895963,0.45,0.211239741111713,0.248552176565924,False
401,Heredia,Heredia,2.2919376197551085,-1.2997760033209227,"Q4 (PC1+ , PC2-)",4,0.869531742547576,64.5118865966797,17.776852733087047,82.24863720923801,0.860990938467683,0.0301718316961812,0.46491097770974,62.7166862487793,65.3203125,41.0757484436035,49.9690895080566,84.1171417236328,82.0758895874023,66.3083190917969,100.0,5.39535045623779,84.9797439575195,53.4668998718262,82.2765655517578,87.0236968994141,66.0528411865234,100.0,0.405719667731689,0.25,0.360145249675639,0.843778993431632,False
402,Barva,Heredia,1.5893229250155798,1.27849240704111,"Q1 (PC1+ , PC2+)",4,0.844612598339763,50.559513092041,5.47212418445372,59.76628023466059,0.954088398808081,0.0214894155126912,0.250067315793969,59.9990539550781,42.2016944885254,33.2185287475586,43.7698669433594,71.5727233886719,45.7289772033691,57.4257354736328,90.2567520141602,1.43513739109039,57.6915435791016,62.6160125732422,85.084846496582,48.7075881958008,47.8422317504883,67.540168762207,0.354454048540216,0.6,0.0,0.0458152146356591,False
403,Santo Domingo,Heredia,3.0478427285959624,-0.1236296529726192,"Q4 (PC1+ , PC2-)",4,0.879851666662394,64.9646682739258,13.135547027063993,86.86011720339225,0.935591826897913,0.0159760522868298,0.309018850632759,81.9919128417969,63.9670181274414,42.0177268981934,48.5773506164551,80.0268249511719,76.8849639892578,61.2868919372559,99.9834442138672,7.91303062438965,70.0751876831055,74.1816787719727,91.2853927612305,77.4660720825195,58.9153480529785,58.6410102844238,0.392781664183176,0.45,0.28738083325895,0.105912905088912,False
404,Santa Bárbara,Heredia,0.9158047332584848,1.0865437831550948,"Q1 (PC1+ , PC2+)",4,0.834183399422101,50.5186767578125,3.1588252603607647,46.01373119830905,0.923458203483422,0.0272942855025676,0.321855213598517,66.5680999755859,37.4685821533203,29.8598556518555,47.8962745666504,65.6327514648438,53.5829772949219,52.6221961975098,65.6069564819336,3.08623385429382,63.6489143371582,60.4444313049316,78.4630355834961,48.3472633361816,38.2086067199707,74.5587997436523,0.466193962005026,0.75,0.0,0.0712268923890408,False
405,San Rafael,Heredia,1.558342096821656,0.9588365942589144,"Q1 (PC1+ , PC2+)",4,0.877151607384471,49.7838249206543,6.24855928501895,56.4696138442776,0.914173028006611,0.0237745886406276,0.282152515881291,70.8698501586914,33.6745872497559,31.6759796142578,43.232723236084,71.1613616943359,44.1116371154785,53.7606391906738,84.833869934082,2.49626564979553,70.4553070068359,65.1475448608398,81.6452407836914,57.5043067932129,42.3715515136719,66.9122161865234,0.50141429608549,0.35,0.0846605739505492,0.192535193489126,False
406,San Isidro,Heredia,2.168322642789655,1.2624922868684374,"Q1 (PC1+ , PC2+)",4,0.893620459933979,49.6711196899414,5.852284881840903,73.93414877842774,0.985500593253843,0.0223626487193278,0.266168071939616,62.6774673461914,46.0770225524902,33.6687774658203,49.1961936950684,64.0314636230469,45.7597351074219,46.2871742248535,81.5924530029297,3.01448774337769,69.3575897216797,62.5032615661621,96.2997894287109,49.4748497009277,22.8713893890381,43.0014419555664,0.41859017771283,0.55,0.0,0.0960821100456332,False
407,Belén,Heredia,6.610287406237113,-3.043397691910446,"Q4 (PC1+ , PC2-)",3,0.908713489067584,73.4033889770508,75.94966742555934,119.88438228863043,0.975316899496195,0.0198648892682172,0.209200833462744,62.1285285949707,99.8423843383789,57.7506103515625,69.6760101318359,79.0613861083984,84.9823226928711,60.3824996948242,100.0,38.9643287658691,80.140754699707,75.2991409301758,100.0,71.0554428100586,66.8560638427734,40.5042572021484,0.271755295741556,0.25,0.18075566808425,0.134292370025171,False
408,Flores,Heredia,2.7709854322698413,-0.0855217658533593,"Q4 (PC1+ , PC2-)",4,0.840905410098308,54.4391746520996,23.42071396337437,90.55115755618507,0.983585044553389,0.015387730465346,0.324034369267587,60.0818290710449,62.5113716125488,40.7632522583008,52.1104927062988,81.2004318237305,39.5956344604492,44.8112144470215,100.0,11.9105768203735,67.6087951660156,83.645393371582,94.9065628051758,68.4383926391602,73.9324264526367,48.4392585754395,0.602548102821846,0.65,0.0,0.0435893742485015,False
409,San Pablo,Heredia,2.82482976514514,1.0558790050711937,"Q1 (PC1+ , PC2+)",4,0.889516139284745,56.1625709533691,7.321908841783549,85.16082281967581,0.983476722204224,0.0174743930185232,0.213346611188841,62.6237144470215,55.1233406066895,37.7153015136719,53.446174621582,81.3530654907227,58.1050071716309,44.7714042663574,100.0,4.81992769241333,77.7006988525391,85.3133773803711,91.3649597167969,75.1681671142578,63.548397064209,54.3617706298828,0.307385743420773,0.5,0.0,0.0460007013345889,False
410,Sarapiquí,Heredia,-1.9830024466450664,0.8172804083739578,"Q2 (PC1- , PC2+)",1,0.728174236407159,37.8785629272461,3.113403963694907,22.81690560234417,0.90716984319972,0.0881583404739214,0.503449395309935,59.4783821105957,25.92529296875,27.8954029083252,28.553150177002,34.6776008605957,42.6315422058106,45.9885711669922,32.6528778076172,0.149977877736092,31.6957836151123,10.8874597549438,3.3648054599762,57.3608627319336,79.384391784668,56.8115463256836,0.3854655040186,0.85,0.604345553624995,0.173986523596147,False
501,Liberia,Guanacaste,-0.341374347076397,-1.124691682369947,"Q3 (PC1- , PC2-)",2,0.791302252330911,51.1711349487305,12.443803186463828,49.36438774875045,0.727252280817077,0.0630796668739325,0.459266343196877,51.2187194824219,52.4160766601563,30.3047332763672,35.8137664794922,62.8993988037109,58.3051109313965,67.2401428222656,63.5472183227539,0.529594838619232,31.2554149627686,18.5771160125732,24.5754203796387,75.9785308837891,100.000038146973,57.9026565551758,0.304020831679812,0.8,0.472435729111337,0.26060881199636,True
502,Nicoya,Guanacaste,-1.6317179777713828,-1.8823642014717203,"Q3 (PC1- , PC2-)",1,0.773443406937538,45.634162902832,4.823706012801894,53.948244514680525,0.636207385839924,0.0579554576631656,0.658217290146886,67.6903076171875,41.6538314819336,31.0766792297363,38.4294090270996,39.2320938110352,39.4268493652344,61.9299583435059,36.6485404968262,0.360640525817871,12.1134214401245,18.9804954528809,2.38542675971985,25.4688835144043,75.2859802246094,38.3710670471191,0.556041597073247,0.75,1.0,0.326827563514297,True
503,Santa Cruz,Guanacaste,-1.2713683770892623,-1.891231737836219,"Q3 (PC1- , PC2-)",1,0.752324195160108,47.3688850402832,5.6613471148408365,65.4307751114203,0.636686512115877,0.0463341300856636,0.607401757684181,60.6975479125977,49.8285293579102,33.6630935668945,45.1854553222656,46.3185615539551,34.6767768859863,61.2122383117676,51.2589645385742,0.365216821432114,45.5086059570313,21.2710075378418,1.81920099258423,51.5139770507813,78.7674865722656,40.6349678039551,0.543197145291021,0.65,0.856347639338555,0.380062246107147,True
504,Bagaces,Guanacaste,-1.0166062908054263,-0.0449439578603163,"Q3 (PC1- , PC2-)",2,0.745389971021637,47.3345184326172,6.588073819597369,36.86403485995461,0.845471802704435,0.0684898638176287,0.489101102782071,70.8990249633789,30.7151184082031,29.3716888427734,40.0733299255371,51.6826972961426,60.7832412719727,47.8165397644043,32.3810958862305,0.125822842121124,27.8576374053955,2.78359746932983,14.1660242080688,82.2822113037109,81.570930480957,70.603401184082,0.368188869552765,0.75,0.751778739874235,0.0864368017012839,True
505,Carrillo,Guanacaste,-0.6172723343856623,-0.2595607574788577,"Q3 (PC1- , PC2-)",2,0.753182005265397,50.0761299133301,6.100681174175097,47.06395281480388,0.83346399833103,0.0577049819405919,0.488501469836456,56.17236328125,54.5682029724121,30.7782211303711,43.4139633178711,58.5124435424805,52.6320419311523,54.4556694030762,42.6550521850586,0.536861777305603,36.7128868103027,25.1064357757568,82.2678909301758,46.2374496459961,81.7034683227539,42.4002456665039,0.525514263531844,0.75,0.484658015432348,0.193833600381634,True
506,Cañas,Guanacaste,-0.9152618188170726,-0.2526236707692465,"Q3 (PC1- , PC2-)",2,0.747975347253472,47.0058517456055,4.944218352693177,41.27512757811003,0.784749461086686,0.0468378815823788,0.475547547169501,60.1093406677246,41.5924491882324,30.4792613983154,40.1028213500977,58.5451889038086,48.0742530822754,50.1376609802246,45.948787689209,0.292546272277832,43.7270431518555,15.9605960845947,22.9285259246826,83.8176956176758,84.6391525268555,65.391471862793,0.754471396856357,0.75,0.293104293625245,0.104614498196404,True
507,Abangares,Guanacaste,-1.056786589964826,-0.879944133732524,"Q3 (PC1- , PC2-)",1,0.78289649877353,47.1742973327637,5.864989333550417,41.61542590137007,0.765973228676989,0.0554021894290097,0.60151156468966,65.2595367431641,56.1940498352051,27.8121643066406,48.6973609924316,42.4878273010254,53.4601936340332,36.3089408874512,32.7976379394531,0.186673164367676,20.6953277587891,13.0369052886963,9.05663108825684,62.792236328125,48.6484870910645,49.9987449645996,0.834322150649287,0.9,0.47566466734056,0.196059440768792,True
508,Tilarán,Guanacaste,0.3785642628649815,0.5547640374731676,"Q1 (PC1+ , PC2+)",2,0.805872381843258,46.7056541442871,7.692254256152886,52.99427956036057,0.966648389412808,0.0398568891036986,0.482932247071149,72.2939682006836,29.6103477478027,28.6467323303223,46.8388252258301,58.0474243164063,52.2066650390625,39.2956047058106,55.6115798950195,0.240261763334274,22.7700500488281,12.8542127609253,9.32624340057373,71.6111297607422,73.5180587768555,94.9336471557617,0.779773419051845,0.7,0.384623897521237,0.0673316717115151,False
509,Nandayure,Guanacaste,-0.2801869692039886,1.117081954275859,"Q2 (PC1- , PC2+)",2,0.717251217473581,49.6835289001465,3.5641172980125995,45.252203643001664,0.966518401819312,0.0546045029290767,0.360626206625312,81.8520812988281,47.5785140991211,32.5333976745606,63.5642471313477,30.3472938537598,54.3155937194824,37.5935745239258,27.2598628997803,0.0707540363073349,61.2198104858398,5.92749357223511,4.21692705154419,48.296443939209,55.4813461303711,16.0959053039551,0.568681120327192,0.8,0.0,0.0738237061740579,False
510,La Cruz,Guanacaste,-3.145252676202995,-0.3151511240572245,"Q3 (PC1- , PC2-)",1,0.692153970110043,38.9574851989746,3.209639683776581,18.80935424068,0.781885093660305,0.113001628310986,0.59883264270924,73.1190948486328,35.4539070129395,25.4864883422852,38.9720115661621,47.9063491821289,11.1185445785522,40.6460037231445,16.2950744628906,0.14507794380188,38.5620841979981,1.95387744903564,7.64299011230469,80.3969573974609,89.5231552124023,72.6910858154297,0.5013702231906,0.85,1.0,0.0439603476463611,True
511,Hojancha,Guanacaste,-0.3704589602848828,-0.0664157890406443,"Q3 (PC1- , PC2-)",2,0.759073606046182,46.718376159668,4.273877565598444,62.9496309988833,0.768444864769258,0.0524708538526854,0.337699744369975,63.6119689941406,34.562873840332,31.5686168670654,56.7751426696777,36.5604553222656,58.8137016296387,45.1358642578125,29.5951728820801,0.305701315402985,40.8646011352539,11.5893592834473,12.1866207122803,56.9346351623535,67.0744857788086,30.8783226013184,0.669080751962904,0.65,0.0,0.0317182255169947,True
601,Puntarenas,Puntarenas,-1.809964150448298,-1.500169074423518,"Q3 (PC1- , PC2-)",1,0.773970035348399,46.1441040039063,5.4414931768413854,31.52759903587912,0.703790598315143,0.0574966456313559,0.717991900523218,68.8468933105469,42.1153793334961,29.8536224365234,35.5564689636231,46.6194534301758,38.3314361572266,61.6854782104492,49.9231452941895,0.531002283096314,20.8047294616699,25.4772453308105,12.5270023345947,46.0547714233398,60.714054107666,36.8381004333496,0.594999890433328,0.75,1.0,0.526967711659544,True
602,Esparza,Puntarenas,-0.4587842789799796,-0.2186094638788339,"Q3 (PC1- , PC2-)",2,0.789413210229073,51.0802459716797,3.825337998919689,35.35133521713722,0.818753782525702,0.0402321033909099,0.524764130931261,62.529167175293,50.0920715332031,35.4990959167481,49.512882232666,51.7923049926758,48.2301368713379,59.9060592651367,68.1363067626953,0.925245046615601,74.0839385986328,36.5243225097656,30.2524299621582,48.5042762756348,44.2295455932617,37.5363273620606,0.30297441367941,0.7,1.0,0.0960821100456332,True
603,Buenos Aires,Puntarenas,-2.9852966585220395,0.8501383270021879,"Q2 (PC1- , PC2+)",1,0.627125103234115,32.8618507385254,2.570026815291913,25.94601179800349,0.852963577526359,0.0876300105289672,0.443207379280606,62.8064193725586,23.3429470062256,25.610294342041,31.7948913574219,38.2549514770508,14.1755647659302,34.0478782653809,44.829029083252,0.0843458026647568,20.9398746490479,5.55986547470093,0.940224707126617,70.5876312255859,54.138355255127,48.0026054382324,0.846726203085081,0.75,0.0872551852499723,0.0888481287873712,False
604,Montes de Oro,Puntarenas,-0.4139803473945363,0.953848242037184,"Q2 (PC1- , PC2+)",2,0.753713704735878,42.6324310302734,5.432532717527457,39.20947881941695,0.866192866713206,0.0426046989276284,0.31237836541329,53.9292335510254,38.0946159362793,29.805700302124,48.6265525817871,57.2958717346191,27.0992984771729,43.5757522583008,58.5779190063477,0.162351354956627,35.514835357666,23.4218521118164,17.8938426971436,57.7813873291016,69.2262878417969,76.3102569580078,0.540076309284582,0.6,0.0,0.109437152368578,False
605,Osa,Puntarenas,-2.123592622985822,-2.2149089903163266,"Q3 (PC1- , PC2-)",1,0.720701795155522,45.3524627685547,5.952526537462119,68.72412064953083,0.611735789428899,0.08433545266114,0.631435676978105,75.236198425293,46.4921264648438,32.734992980957,50.2726974487305,36.9501304626465,25.1150856018066,50.666015625,58.7297248840332,0.187190860509872,32.3530731201172,5.11037015914917,7.74957847595215,63.972599029541,1.35587579279672e-05,60.0112152099609,0.921383936616106,0.75,0.647170128591736,0.20718864270458,True
606,Quepos,Puntarenas,-2.13680331802832,-2.3011178897544595,"Q3 (PC1- , PC2-)",1,0.745336083060049,42.8447761535645,6.275675738984566,56.93360952743683,0.601627980246909,0.0590783711683047,0.713690750754001,47.0359954833984,48.6269493103027,32.1187324523926,47.3491134643555,52.8446006774902,20.4762763977051,51.4617614746094,57.4897155761719,0.504414021968842,35.5943222045898,21.6424026489258,6.31369066238403,60.272575378418,65.7256011962891,78.1175537109375,0.808065693439378,0.8,1.0,0.246697309576626,True
607,Golfito,Puntarenas,-1.9454666407800607,-0.1073305556434677,"Q3 (PC1- , PC2-)",1,0.771906013473197,37.0788269042969,4.209729324886384,25.46787554342512,0.765046024533794,0.0736053751247961,0.530406677510483,70.5117034912109,20.2227993011475,28.5340614318848,31.1286773681641,45.7644004821777,15.4286642074585,47.9614753723145,63.6674270629883,0.137606143951416,22.7656879425049,8.44597816467285,1.65030992031097,76.1974716186523,56.2664566040039,55.6673126220703,1.0,0.75,0.149042671326179,0.222584038715753,True
608,Coto Brus,Puntarenas,-2.7685793008894044,-0.7548319261965994,"Q3 (PC1- , PC2-)",1,0.711801842526594,42.5922775268555,4.4860077711193895,54.471238000599136,0.774357969313938,0.169850465570106,0.509567249853435,74.3522109985352,33.2765655517578,27.8721141815186,33.719669342041,48.7572364807129,33.8260955810547,46.3420486450195,56.8869895935059,0.298010408878326,9.45035076141357,19.2714996337891,0.0,64.361328125,70.0005416870117,39.3048515319824,1.0,0.85,0.0,0.188268999413741,True
609,Parrita,Puntarenas,-2.3821154317523203,-1.4949412261602948,"Q3 (PC1- , PC2-)",1,0.753398983113903,39.8776473999023,4.555927814096213,34.29226371800357,0.655403001353073,0.0601880716724683,0.693292801982588,51.7905540466309,44.4714241027832,30.0530128479004,41.3822135925293,48.4003448486328,26.5144844055176,36.5315093994141,41.6723289489746,0.415940940380096,17.9995365142822,16.0397682189941,9.71114826202393,68.4837417602539,87.3029251098633,48.1807365417481,0.938032813121576,0.75,1.0,0.0851383948087753,True
610,Corredores,Puntarenas,-2.4112415761158625,-0.9916387984494528,"Q3 (PC1- , PC2-)",1,0.714909442272113,36.7068634033203,3.8594905327258986,46.05582695022223,0.71374058226957,0.0610593882671987,0.644419766969398,55.1791305541992,31.3038311004639,17.67311668396,28.7666187286377,48.4299659729004,26.2372035980225,49.3581886291504,62.6362266540527,0.773513317108154,31.3331451416016,26.0562744140625,0.619969069957733,73.9067001342773,72.0482406616211,43.0754089355469,0.691249860027461,0.8,0.808013672756512,0.27841553509362,True
611,Garabito,Puntarenas,-1.3433596673919237,-2.246247714114187,"Q3 (PC1- , PC2-)",1,0.742904477068787,49.4516258239746,7.080713191057643,73.96224178980714,0.653713643050924,0.0635782317708618,0.657693029358545,43.0902557373047,64.9126663208008,35.7811813354492,45.1880302429199,59.3737182617188,52.3438110351563,45.4717102050781,66.5318069458008,0.76323276758194,36.6985855102539,27.8928718566895,23.2037582397461,62.9065742492676,63.4681053161621,79.7729339599609,0.71449462648204,0.7,1.0,0.21627749095214,True
701,Limón,Limón,-2.875204853733111,-1.7801047100624356,"Q3 (PC1- , PC2-)",1,0.724866640474014,40.1912689208984,5.054298188273413,34.44234700175664,0.632177678823063,0.0773764338997559,0.711563647635734,39.2831573486328,42.0708274841309,30.2391471862793,37.364315032959,53.8919944763184,22.7539443969727,55.7355041503906,84.62841796875,0.363500863313675,17.4482593536377,21.2994155883789,11.6923866271973,55.2474517822266,76.0387268066406,35.3550987243652,0.386175436882323,0.5,1.0,0.960079153660613,True
702,Pococí,Limón,-0.8343521969453457,0.301220623007724,"Q2 (PC1- , PC2+)",2,0.753700628311772,45.9313354492188,5.088750993066644,35.18324232578313,0.860306115276818,0.0548774389327357,0.4636341391574,66.123291015625,36.5769538879395,31.1844310760498,34.2172660827637,48.6402091979981,42.985710144043,61.7914848327637,69.1640472412109,0.385784506797791,40.215934753418,22.8983497619629,8.80130481719971,55.9104804992676,78.8948364257813,43.5510482788086,0.381334047007806,0.6,0.430816732674236,0.442385776947558,False
703,Siquirres,Limón,-2.340201954748109,-1.0909822099407398,"Q3 (PC1- , PC2-)",1,0.756249245409699,39.6864624023438,8.015731672232508,26.499003664186567,0.716536374077324,0.0856188308873888,0.642217199166245,61.3761253356934,41.6461524963379,29.7112216949463,27.9975166320801,45.2369346618652,23.6530780792236,48.1842155456543,63.8025512695313,0.188030943274498,39.9603729248047,24.7635192871094,7.42050409317017,32.3034210205078,69.1928405761719,37.2564888000488,0.845874453863273,0.55,0.836335984244132,0.336658358557576,True
704,Talamanca,Limón,-3.4344751533938096,-0.062119058748041,"Q3 (PC1- , PC2-)",1,0.725045571582004,30.3142890930176,3.7075059965801183,32.52107503272369,0.728078689306034,0.15995328369055,0.435832280242707,56.720401763916,27.5066375732422,27.6830272674561,35.0207366943359,19.2321147918701,6.66848945617676,39.3686218261719,57.9713096618652,0.0575857982039452,35.4684257507324,0.0,2.91010355949402,27.541934967041,46.2014617919922,0.0,0.467223844535836,0.75,0.209293994662904,0.316811281772088,True
705,Matina,Limón,-3.573569209699761,-0.5865719872380284,"Q3 (PC1- , PC2-)",1,0.661014223334815,34.3975486755371,4.084297501904593,14.506064873952967,0.730126367613549,0.0834308811141077,0.653618714713798,42.6715545654297,33.8454055786133,33.1884765625,36.7426147460938,36.9599151611328,19.9603290557861,37.41455078125,49.2841911315918,0.156535044312477,44.1037979125977,19.6732940673828,15.6894969940186,39.9408950805664,61.7371330261231,18.4968643188477,0.470419701617264,0.7,1.0,0.444055157237926,True
706,Guácimo,Limón,-1.6509937518709894,0.2902336124681327,"Q2 (PC1- , PC2+)",2,0.709976355411244,43.2936515808106,3.835222657005592,21.35730524669204,0.852787633784605,0.0489251986337781,0.538612118805768,62.9554023742676,36.0745582580566,36.7418098449707,34.0355110168457,49.7588958740234,32.2740440368652,51.2153396606445,56.6927299499512,0.150449872016907,47.1357307434082,21.805269241333,15.5003051757813,58.409553527832,73.6190643310547,36.1628723144531,0.432971434260972,0.8,0.819273869851784,0.102203171110316,False
