cod_canton,provincia,canton,IDH_2024,IDHD_2024,IDG_2024,IPM_2024,IPM_Incidencia,IPM_Intensidad,IPM_Severidad,IPM_Vulnerabilidad,IPM_Desigualdad,IPM_Contrib_Educacion,IPM_Contrib_Proteccion,IPM_Contrib_Salud,IPM_Contrib_Vivienda,pib_2022,poblacion_2024,PIB_percapita_2022
101,San José,San José,0.814500897738676,0.757943211792527,0.989850936833405,0.0461572271010037,0.148263120575625,0.31131967897209,0.0067538826907144,0.114513850785808,0.005823825536723,0.386479735969482,0.189614124229943,0.152631927586435,0.271274212214139,8061933.974633149,352298.484914735,22.883816762891662
102,San José,Escazú,0.91395057800921,0.816576692248572,0.954519778183083,0.0294885208624327,0.096169099270443,0.306631975199291,0.003932512621481,0.0974752045454476,0.005284243837911,0.391948005055064,0.198742251910694,0.167539267015707,0.241770476018535,1994297.058070064,70903.348646244,28.126979841532616
103,San José,Desamparados,0.800240775186397,0.770583357462283,0.929860893979953,0.030919748210113,0.104249107488801,0.296594848195075,0.0024091354826482,0.109993649510357,0.0041267414816061,0.420115362333442,0.221858391476285,0.144328858215158,0.213697387975114,961782.6364857332,244173.396489553,3.9389329481145308
104,San José,Puriscal,0.800816395008548,0.797088862497586,0.945033650516645,0.0298642995180177,0.100880461839391,0.296036506707946,0.0031492610636136,0.115117204003,0.0043871495701421,0.373440819216733,0.235470341521869,0.179639413911433,0.211449425349965,131375.19933617412,39069.2826194758,3.3626212340710953
105,San José,Tarrazú,0.755295656093119,0.729495317587891,0.913807688310001,0.0826241191144547,0.245560594425136,0.336471408647141,0.0272845104916818,0.163250418423033,0.0093357238975269,0.313255613126079,0.232556131260794,0.238212435233161,0.215975820379965,101427.39837430228,17990.1756830942,5.637932622837922
106,San José,Aserrí,0.794624761464801,0.764110812646358,0.888920084200734,0.0388773787620771,0.129832173712395,0.299443332499375,0.0035080997650584,0.137741639386392,0.0045347911084225,0.38757180156658,0.239033942558747,0.156344647519582,0.217049608355091,146549.8663366766,62687.9486110922,2.337767778075699
107,San José,Mora,0.858365996441958,0.800922207050359,1.00099298457857,0.0350487365175704,0.118303514483869,0.296261160714286,0.002922378482786,0.128373396966722,0.0044518642695662,0.376342060651723,0.2478809568657,0.146292459345765,0.229484523136812,227401.19520416745,28730.9952515327,7.9148387730159255
108,San José,Goicoechea,0.809666849367857,0.757278292865921,0.891902566339775,0.0361143045044856,0.118736331058762,0.304155469370305,0.0044599550235838,0.106582047124572,0.0052505186295331,0.412567928814368,0.20629023958634,0.137313470299577,0.243828361299715,1077348.5657354991,139708.297430376,7.711414322205155
109,San José,Santa Ana,0.906830327783547,0.855480759098666,0.941065746563969,0.0263333654863372,0.0883091712577816,0.298195137733407,0.0027264987243574,0.0903826163954667,0.0046709224819013,0.407215096679196,0.199325764327508,0.16968264424381,0.223776494749487,2023369.9902334537,61701.0087259139,32.79314280292561
110,San José,Alajuelita,0.758261893368289,0.739853968986342,0.966888832585232,0.0550704643556415,0.176486542018338,0.312037754980317,0.0076001004018394,0.136180746396948,0.0057115556278615,0.380283372757031,0.182710916780159,0.152521921964973,0.284483788497838,198618.61227500896,96711.6441973667,2.0537197348198637
111,San José,Vázquez de Coronado,0.848179413643525,0.754793821052593,0.991718551895761,0.0219549023203575,0.0750289811690578,0.29261895841139,0.0016726205993102,0.0793159499319957,0.0037809981190572,0.407210307298336,0.235355313700384,0.127040653008963,0.230393725992318,324300.5864353442,71683.8755846546,4.524038129779458
112,San José,Acosta,0.76168580636429,0.744148899981201,0.899530174782432,0.0400245399214365,0.134420063112621,0.297757187391756,0.0049819697793732,0.145920498023885,0.004889393724311,0.373491347971499,0.269885124327468,0.200232659589937,0.156390868111095,75580.7234103193,21955.1029158777,3.4425128271960923
113,San José,Tibás,0.809493696582508,0.728958541877762,0.935010742726711,0.026833920242428,0.0876173272256152,0.306262711864407,0.0031245229912321,0.0776853834207861,0.0049172714599623,0.407814272669415,0.210216110019646,0.162373059575528,0.21959655773541,610637.2226127231,85124.0366233938,7.173499364395834
114,San José,Moravia,0.866724931692289,0.766135949035718,1.00027160137987,0.020119040975269,0.0687843052554938,0.292494645406949,0.0010149040756403,0.0759541114672754,0.0035449937228092,0.431426392067124,0.224357996440376,0.134146961606916,0.210068649885583,396995.90197377134,61582.7754449824,6.446541246398428
115,San José,Montes de Oca,0.891613552541307,0.859805061591018,0.961126467621535,0.0135640163083291,0.0463491134902522,0.29264888337469,0.0008872215981827,0.0467927242893436,0.0036283998116959,0.407070936482701,0.21046256340374,0.158982511923688,0.223483988189871,1350329.8068134713,61195.4109892075,22.065867113003247
116,San José,Turrubares,0.805214854927305,0.776439831174874,0.928380528249049,0.0537000118070641,0.171951604111307,0.312297242497972,0.0092042221178801,0.137087126392064,0.00572616624239,0.374127576692095,0.235351403992858,0.177568576529784,0.212952442785262,17647.859176053662,7350.59047908974,2.4008763957476082
117,San José,Dota,0.756406448838213,0.738972063120107,0.860755861802063,0.0748343676142056,0.239677939870769,0.31222885032538,0.0124778103186517,0.186127337253222,0.0057692224227687,0.363764654798089,0.237407729049066,0.243703864524533,0.155123751628311,37884.49470361098,7798.45138620831,4.857950999170211
118,San José,Curridabat,0.868500387502542,0.85816895098908,0.939655951258433,0.0357767249632985,0.117539010828507,0.304381708771549,0.00410360636309,0.0892598104567778,0.0051153104472207,0.399536923659194,0.203241534385645,0.160384709575439,0.236836832379723,959365.6350198134,79242.0613531113,12.106772825416227
119,San José,Pérez Zeledón,0.769934629539999,0.754418735014847,0.926308197944105,0.0506952421554247,0.171405503723542,0.295762044124268,0.0047462577573155,0.187234080406882,0.0045380466208832,0.377014709520275,0.278871952959982,0.213563966432608,0.130549371087134,692119.0612016355,133935.424704047,5.167557893895433
120,San José,León Cortés Castro,0.766940535076008,0.729131921405536,0.89574697581649,0.07244256977066,0.224818169508946,0.322227380148548,0.0210245215914849,0.189372495923302,0.008439466771182,0.308493222447777,0.24412284722677,0.210726213083623,0.236657717241831,88386.58113066849,13444.7850015614,6.574041988801143
201,Alajuela,Alajuela,0.833575618846815,0.822358960412917,0.924870120676753,0.0358523320617833,0.116016221177667,0.30902861425627,0.0054003642663872,0.102519968675241,0.0059290921197963,0.401542875703768,0.199420744911217,0.150211130359463,0.248825249025552,4518916.906124925,325535.314369906,13.881495206968781
202,Alajuela,San Ramón,0.81037374279489,0.780498504562554,0.966905044109385,0.0440010289487847,0.140756925648839,0.312602941176471,0.0086993299930419,0.126515636700838,0.0065198022307401,0.366342067711029,0.211679289959386,0.17947029213906,0.242508350190525,390786.5699246937,91936.2542568401,4.250625317330883
203,Alajuela,Grecia,0.827441075847335,0.787291412023528,0.907309876236697,0.0385422548831327,0.127281172583236,0.30281190926276,0.0051667215614327,0.129206029635535,0.0057239176283046,0.399942501591474,0.221245661950428,0.146826293200813,0.231985543257285,508069.3775069723,80425.3777349169,6.317276857331969
204,Alajuela,San Mateo,0.753973633234521,0.696436941398725,0.877450632049067,0.0518159318971093,0.160149010231646,0.323548249359522,0.0155909369482559,0.108999796032982,0.0099105508751377,0.356483008907951,0.211811283404817,0.19003629165292,0.241669416034312,20837.94492178302,7506.67668616861,2.7759214620469628
205,Alajuela,Atenas,0.867123928097109,0.78853381147843,0.941990099455124,0.0307603062603436,0.102991169873973,0.29866935483871,0.0038870860887919,0.11535011025885,0.005246393542662,0.4115701363575,0.217496962332928,0.194073174024571,0.176859727285001,127204.99517258292,30387.0109153942,4.186163473819674
206,Alajuela,Naranjo,0.794120701298094,0.761657603961072,0.936983063923817,0.0419576048554376,0.135520010293885,0.3096044987338,0.0065610015411161,0.125628038739587,0.005903950006576,0.370000601431407,0.220304324291815,0.184007938894569,0.22568713538221,172770.04295261708,50096.6949591677,3.4487313602910676
207,Alajuela,Palmares,0.810258271689201,0.761448945538479,0.939789472261623,0.027548948954157,0.0916385693155921,0.300626135478848,0.003115663789344,0.0947304494118877,0.0048766603577771,0.365618086656235,0.23568769222468,0.155938056439864,0.242756164679221,208171.52984612013,42451.9742033654,4.903694910603646
208,Alajuela,Poás,0.797867145041301,0.737565845647956,0.924579990094704,0.0414551531961477,0.138005914555193,0.300386786535647,0.0037509447819726,0.137601966655596,0.0046980676379985,0.416304158691491,0.217722289890378,0.134591961023143,0.231381590394989,166824.9130803861,35326.3880419904,4.722388059659287
209,Alajuela,Orotina,0.796856211212418,0.671298479332246,0.919609085296782,0.0400300525521101,0.129984765517929,0.307959570435881,0.0050910015553452,0.119310084837366,0.0054765146366558,0.387564102564103,0.228589743589744,0.141089743589744,0.24275641025641,101212.19294511428,24995.1113609038,4.049279536454705
210,Alajuela,San Carlos,0.806722643477325,0.682916158073693,0.928189266404606,0.0748033739342136,0.234165069200297,0.319447192485525,0.0148944083254407,0.162892350383012,0.0070242829203868,0.367544528069696,0.208225519239467,0.201473470601898,0.222756482088938,1210334.1479132266,209952.36142776,5.764803690144138
211,Alajuela,Zarcero,0.812855378705257,0.74316389972631,0.900977053086045,0.0482820330281705,0.159078936773908,0.303509905254091,0.0069194541835334,0.154899860484843,0.0055471054597928,0.405285562256119,0.243792124866974,0.167523944661227,0.183398368215679,112093.28471036784,14775.2588917292,7.586553002676299
212,Alajuela,Sarchí,0.776134620652117,0.630783559989237,0.9245107887405,0.042728607005442,0.140023027850509,0.305154142581888,0.0061153281270614,0.143305520154006,0.0058963703859816,0.382991318074191,0.234872401999474,0.154630360431465,0.22750591949487,111290.822041383,22736.1414994956,4.89488605812257
213,Alajuela,Upala,0.732207325515978,0.6948198071635,0.890616337873937,0.111683428288634,0.339297058521187,0.329161203976838,0.0286176476759922,0.199526539658067,0.0082630030203255,0.317187013795249,0.234788922310964,0.214023441551706,0.234000622342081,175257.27696904005,56595.6727093407,3.096655072360596
214,Alajuela,Los Chiles,0.685815336372769,0.62787146096831,0.922898466457545,0.188179463310223,0.532207064820062,0.353583174199024,0.0774935493810243,0.202979460855943,0.0108184655499899,0.295850054382478,0.183090799984998,0.269080748602933,0.251978397029592,109791.95498724924,36830.3295427301,2.98102016328336
215,Alajuela,Guatuso,0.715091043970686,0.654213397152771,0.878434217311922,0.0869984688487907,0.275224143625605,0.316100425285134,0.0161208033092129,0.195790614448526,0.0065669358234849,0.355769598287658,0.24351182968314,0.172419065091924,0.228299506937278,47325.49650175386,19867.6436389979,2.382038723951106
216,Alajuela,Río Cuarto,0.770049457005558,0.750787275602322,0.765687571215349,0.0608102285170881,0.190206018598151,0.319707173123487,0.0112258394753751,0.118533351178448,0.0058505821798355,0.360747884740548,0.213182651914088,0.194781373883202,0.231288089462162,56564.26319599312,17781.4902712971,3.1810755079004376
301,Cartago,Cartago,0.847401219385358,0.795469178528413,0.950491681254977,0.0378735049055782,0.125805659390169,0.3010477039679,0.0049357548044292,0.14310572926024,0.0050795584098423,0.404428401003743,0.213624583487597,0.167047184170472,0.214899831338188,1841491.276108601,162917.634052082,11.303204142529516
302,Cartago,Paraíso,0.82122400574703,0.739086357013473,0.936920721459772,0.0350069551887803,0.119102977634628,0.293921746408146,0.0029738363783789,0.15558646750569,0.0040869336076638,0.419884914278935,0.258438630835855,0.125526487512606,0.196149967372605,290268.8068144675,61406.7451341172,4.726985711105472
303,Cartago,La Unión,0.863967016911709,0.775058389088884,0.944425349633733,0.0370191796167392,0.123269146998059,0.300311801600461,0.0040435052904705,0.127197123565945,0.0047684680214908,0.409347336834209,0.20529632408102,0.153428357089272,0.231927981995499,634391.1150039589,113862.04590936,5.571576638531216
304,Cartago,Jiménez,0.768912385807482,0.750868427364156,0.876579540608257,0.0449697860154212,0.148894708995091,0.302024070021882,0.0069723124124616,0.167465821495573,0.0055015931156518,0.36804926643724,0.247871762361891,0.162198877015034,0.221880094185836,115929.27468622784,15810.9602427005,7.332209613249095
305,Cartago,Turrialba,0.802503553061161,0.744149399302696,0.950128673911104,0.0958454349491963,0.260040156842703,0.368579361406756,0.0573989610430215,0.162840972812304,0.0146247792628071,0.284427966101695,0.204841494036409,0.275492388575016,0.23523815128688,354888.04935164173,68965.4720080658,5.1458800906943125
306,Cartago,Alvarado,0.840620059107419,0.840387069994567,0.912411405242582,0.0565232618895922,0.20015731249164,0.282394188780652,0.0020170370758311,0.238212078655654,0.0030179617504925,0.395137907962233,0.272693480038659,0.214333506802468,0.11783510519664,90704.80669556448,15180.4973522278,5.975087942836944
307,Cartago,Oreamuno,0.81132868350387,0.780025620831008,0.887443669476074,0.0329822566627737,0.114772523935394,0.28737066618261,0.001166683851948,0.163023234669533,0.0031278484204167,0.440781681800237,0.262810896170549,0.133517568101066,0.162889853928148,149944.03095752126,48752.5663290699,3.0756130855846555
308,Cartago,El Guarco,0.823465483077924,0.675925477754749,0.881719943696096,0.0338262441565656,0.115368071970968,0.293202821011673,0.002805643773613,0.146948398286757,0.0040400354755975,0.416041139634222,0.229005100982872,0.146435532700203,0.208518226682702,221726.6192686208,45181.1622099125,4.907501454665439
401,Heredia,Heredia,0.869531742547576,0.718353917840347,0.97621418940985,0.0301718316961812,0.0997197042120205,0.302566397830772,0.0034041837424808,0.0975357574118546,0.0049331055548652,0.398210515733387,0.189303307529908,0.149736460382886,0.262749716353818,2591032.7246165182,145753.17484596,17.776852733087047
402,Heredia,Barva,0.844612598339763,0.804897137577296,0.95320484647082,0.0214894155126912,0.0734903610790557,0.292411347517731,0.0013551414099684,0.100822520901649,0.0039271257225026,0.411350958040262,0.260247392675236,0.144069852049479,0.184331797235023,265154.0563668471,48455.4164761371,5.47212418445372
403,Heredia,Santo Domingo,0.879851666662394,0.8277062986337,0.97935064921509,0.0159760522868298,0.0541341901361798,0.295119447555058,0.0014144805186758,0.0782409795473267,0.0044602779226222,0.424189723320158,0.210276679841897,0.138181818181818,0.227351778656126,654356.8419671226,49815.7283148475,13.135547027063991
404,Heredia,Santa Bárbara,0.834183399422101,0.798367972057801,0.925784354183343,0.0272942855025676,0.0951317843308,0.286910265528687,0.001420887248184,0.138728213707622,0.0034383748602093,0.435882869390074,0.22150493208697,0.170738005474358,0.171874193048598,141418.22162385966,44769.2448830514,3.1588252603607647
405,Heredia,San Rafael,0.877151607384471,0.853754395171819,0.953664814853539,0.0237745886406276,0.0803098512063209,0.296035770002229,0.0019330207110057,0.0819386001387424,0.0039851660742119,0.429868724415377,0.212205335717311,0.131746106432033,0.22617983343528,352210.0267776279,56366.5975966746,6.24855928501895
406,Heredia,San Isidro,0.893620459933979,0.86343063344149,0.937399561842492,0.0223626487193278,0.0734561176475932,0.304435483870968,0.0025418832499753,0.0809956018636218,0.0047856443094048,0.397832630945214,0.24683925346177,0.133534015653221,0.221794099939795,136780.47888436288,23372.1497920889,5.852284881840903
407,Heredia,Belén,0.908713489067584,0.8922985629883,0.917374294690222,0.0198648892682172,0.0673566981759459,0.294920769666101,0.0014104119029485,0.0741038037657265,0.0040549130281728,0.403094267210362,0.238306548332934,0.142600143919405,0.215999040537299,2005104.3581570212,26400.4363168843,75.94966742555934
408,Heredia,Flores,0.840905410098308,0.809969189942504,0.92152731707585,0.015387730465346,0.0518130831359633,0.296985424028269,0.0006407978479712,0.0616081359549528,0.0039278240579102,0.434281464956312,0.221602528350995,0.120654396728016,0.223461609964677,515481.90204021113,22009.6578971217,23.42071396337437
409,Heredia,San Pablo,0.889516139284745,0.846552124458926,0.914512402181579,0.0174743930185232,0.0593493476761829,0.294432773109244,0.0014297041737119,0.0895061310612238,0.0041007676192674,0.416101795695089,0.243191818289927,0.13009870376977,0.210607682245213,222681.54853757416,30413.0457438652,7.321908841783549
410,Heredia,Sarapiquí,0.728174236407159,0.625645131868668,0.916215167674138,0.0881583404739214,0.265722308994174,0.331768682906689,0.0241695395009978,0.141978216378762,0.00871522163574,0.31304300481461,0.18689088179704,0.241796106310328,0.258270007078022,295008.42431573354,94754.3035712029,3.113403963694907
501,Guanacaste,Liberia,0.791302252330911,0.642940602694957,1.03936075858198,0.0630796668739325,0.192160729645758,0.328265129874444,0.0177569637239918,0.112107588371025,0.0084408521370362,0.324694543522805,0.215476461511219,0.232311350585616,0.22751764438036,1005549.40868401,80807.241453146,12.443803186463828
502,Guanacaste,Nicoya,0.773443406937538,0.693509682959725,0.96353048007399,0.0579554576631656,0.186639171618942,0.310521404271404,0.0097887677422522,0.138012806456079,0.0058796408091799,0.330765572990965,0.226229196386115,0.208330955777461,0.234674274845459,282904.58682769566,58648.8036536389,4.823706012801894
503,Guanacaste,Santa Cruz,0.752324195160108,0.673842202235803,0.950314730152384,0.0463341300856636,0.148853175476695,0.311274045295177,0.0080259127116686,0.124183014962269,0.0060359335160165,0.349613760036531,0.209882415617033,0.222021385897485,0.218482438448952,410124.827019844,72442.974913997,5.6613471148408365
504,Guanacaste,Bagaces,0.745389971021637,0.691771440099219,0.983523469358093,0.0684898638176287,0.211292740720862,0.324146790769827,0.0147499295442138,0.141968071863058,0.0076563704188104,0.326179615643461,0.229828759440664,0.210648321244298,0.233343303671577,167275.1536441752,25390.6009897136,6.588073819597369
505,Guanacaste,Carrillo,0.753182005265397,0.673261098119372,0.963505398609481,0.0577049819405919,0.179172589539059,0.322063671061763,0.0116049791975333,0.116464255518102,0.0068331388315883,0.360267546517631,0.199335622741454,0.209076829843108,0.231320000897807,300341.9269984793,49230.8839658532,6.100681174175097
506,Guanacaste,Cañas,0.747975347253472,0.655060447022982,0.972593217973169,0.0468378815823788,0.154070348428522,0.304003217102532,0.004412973865325,0.125002281446055,0.0047001129749086,0.372221036910604,0.269724770642202,0.161851930872626,0.196202261574568,160993.5536466706,32561.982938916,4.944218352693177
507,Guanacaste,Abangares,0.78289649877353,0.681241450748839,0.920387302631495,0.0554021894290097,0.176865408397001,0.313244912790698,0.0087404416940378,0.143446072508033,0.0059388986365146,0.370106142335131,0.247085435879589,0.192216228757033,0.190592193028247,117679.10546251,20064.6751033854,5.864989333550417
508,Guanacaste,Tilarán,0.805872381843258,0.7351707222807,0.964230712077317,0.0398568891036986,0.131780801836721,0.302448372966208,0.0051541302345401,0.13347135655365,0.0052246373964129,0.384003620845726,0.280874175611018,0.177744730376309,0.157377473166947,190875.5894175273,24813.9989996885,7.692254256152886
509,Guanacaste,Nandayure,0.717251217473581,0.651727934802938,0.952549946537443,0.0546045029290767,0.180878477911315,0.30188502004008,0.0053466083150138,0.168100990243232,0.0051132212341349,0.351415828233586,0.247484700757183,0.186702624209107,0.214396846800124,40877.05633656165,11469.0547248137,3.5641172980125995
510,Guanacaste,La Cruz,0.692153970110043,0.562526026175758,1.0163108043337,0.113001628310986,0.333572001998591,0.338762329074199,0.0361537912948484,0.152279619383576,0.0094710166201999,0.294216174858868,0.206021629893091,0.241899129427821,0.25786306582022,89074.39848773908,27752.1489212555,3.209639683776581
511,Guanacaste,Hojancha,0.759073606046182,0.591868886812427,0.991891343227963,0.0524708538526854,0.177056331813994,0.296351185609158,0.0041983921689336,0.186611293301911,0.0039201603238795,0.340403517847905,0.27366787377134,0.180893257458182,0.205035350922573,30552.123562939032,7148.57248341905,4.273877565598444
601,Puntarenas,Puntarenas,0.773970035348399,0.632741590344436,0.990650353866997,0.0574966456313559,0.18193522908377,0.316028104732164,0.0104449963370216,0.130445913109986,0.006549526495195,0.350728424386382,0.205653206650831,0.175106888361045,0.268511480601742,805671.5679677606,148060.751301985,5.4414931768413854
602,Puntarenas,Esparza,0.789413210229073,0.759486509933338,0.939905754848296,0.0402321033909099,0.128226657406969,0.313757717813858,0.0076238122400667,0.114621084793927,0.0069388912516065,0.355441169771785,0.213137156652849,0.168450781214413,0.262970892360953,134503.97569006527,35161.3310321991,3.825337998919689
603,Puntarenas,Buenos Aires,0.627125103234115,0.597171919966745,0.764786099725492,0.0876300105289672,0.268529397447732,0.326333024845163,0.0235706376488256,0.156564089492199,0.0081064254314235,0.297543084642234,0.236842822862129,0.267056609947644,0.198557482547993,140556.01605715166,54690.4861929181,2.5700268152919135
604,Puntarenas,Montes de Oro,0.753713704735878,0.748244263585068,0.941529839205708,0.0426046989276284,0.143293431616183,0.297324856046065,0.005363189858955,0.14288087855011,0.0046041279752553,0.386927577163607,0.292213032075852,0.130623360903772,0.190236029856768,80914.08512843915,14894.3576294311,5.432532717527457
605,Puntarenas,Osa,0.720701795155522,0.695322858462542,0.954948321637992,0.08433545266114,0.275131843008659,0.306527415143603,0.0094823507251026,0.206636226217861,0.0051910176580258,0.331824957410562,0.229743398637138,0.221198892674617,0.217232751277683,175568.21647769003,29494.7389772653,5.952526537462119
606,Puntarenas,Quepos,0.745336083060049,0.731915267226105,0.942929404585321,0.0590783711683047,0.190845366158245,0.309561465167135,0.0099566310991649,0.151197703398097,0.0059517360667795,0.344507868428522,0.211107256614841,0.180958087609196,0.263426787347441,217810.4526159978,34707.0915826573,6.275675738984566
607,Puntarenas,Golfito,0.771906013473197,0.758890444639971,1.01622801433452,0.0736053751247961,0.231055214834676,0.318561843226356,0.0155196132656634,0.170912612052517,0.0069108370710516,0.312707213105619,0.203159390410386,0.277463572284289,0.206669824199705,192734.74084824996,45783.167033774,4.209729324886384
608,Puntarenas,Coto Brus,0.711801842526594,0.664637353738589,0.94533746254155,0.169850465570106,0.483009418742477,0.351650421253305,0.0559614872954201,0.208637731827511,0.0086911470215015,0.293711949809271,0.191133554120077,0.336557694199429,0.178596801871222,160428.57586685385,35761.9924110881,4.4860077711193895
609,Puntarenas,Parrita,0.753398983113903,0.753398983113903,0.884064104453724,0.0601880716724683,0.197187142492501,0.305233246507222,0.0084048509705541,0.169918070454703,0.0052995399697277,0.367629945694337,0.211016291698991,0.176202482544608,0.245151280062064,101369.01286952388,22249.9163739786,4.555927814096213
610,Puntarenas,Corredores,0.714909442272113,0.660553577079333,0.920531755217383,0.0610593882671987,0.192045020077989,0.317943096063635,0.0130236526975181,0.141967606623021,0.0073135619324429,0.324633148905461,0.224140004811162,0.263571485847165,0.187655360436212,205143.0502881766,53152.8834048693,3.8594905327258986
611,Puntarenas,Garabito,0.742904477068787,0.737209707313972,0.999661676407522,0.0635782317708618,0.20030950020322,0.317399982059562,0.0134402140430578,0.130449136300267,0.0066606989933604,0.378316317518635,0.183523510085844,0.156215777016286,0.281944395379235,200371.5997549172,28298.2228411638,7.080713191057643
612,Puntarenas,Monteverde,0.794036164040095,0.793906182570385,1.01960690429507,0.0339559363145212,0.114655722775189,0.29615561694291,0.0044341992233498,0.152451992345647,0.0045467132848124,0.417022930431403,0.212980956082394,0.143801010493587,0.226195102992616,27794.008187845804,,
613,Puntarenas,Puerto Jimenez,0.818597894840084,0.818597894840084,0.972012661444306,0.0450839635000503,0.147737892106629,0.30516181635725,0.0040770617490539,0.114009472182637,0.0047034345201931,0.366766005549276,0.214674750796424,0.182612270064742,0.235946973589559,24352.36397081049,,
701,Limón,Limón,0.724866640474014,0.703286684789095,0.969396250383617,0.0773764338997559,0.238552955095358,0.324357473873363,0.0183762596987912,0.157049900261861,0.0076260812175471,0.331425915970368,0.202839257565127,0.240425706397441,0.225309120067063,466654.2683020327,92328.2028323393,5.054298188273413
702,Limón,Pococí,0.753700628311772,0.73628349616584,0.873279446015511,0.0548774389327357,0.176483387221999,0.310949601526546,0.0090529698013754,0.141770431535762,0.0061484125612982,0.351510092350269,0.208449899226905,0.246593267755618,0.193446740667208,789132.086266686,155073.826041374,5.088750993066644
703,Limón,Siquirres,0.756249245409699,0.74064268421075,0.909383146317111,0.0856188308873888,0.266842875482615,0.320858597901621,0.0175253121655022,0.1926693551141,0.0072712814791814,0.334890448953592,0.213594681034597,0.21546587395326,0.236048996058551,457367.62189272256,57058.749044345,8.015731672232508
704,Limón,Talamanca,0.725045571582004,0.711021157687661,0.912355597214079,0.15995328369055,0.458905850119272,0.348553594705705,0.0607165616396651,0.174649268437551,0.0100982149013418,0.289339782084937,0.187753964543853,0.303076342191377,0.219829911179834,169066.71711792517,45601.1985614793,3.7075059965801183
705,Limón,Matina,0.661014223334815,0.659588560667568,0.808940924656913,0.0834308811141077,0.253326286983542,0.329341585934697,0.0205197019327357,0.147955458786315,0.0079542582973679,0.330927413863544,0.194504970720414,0.233879204684734,0.240688410731309,184983.5556415848,45291.400921535,4.084297501904593
706,Limón,Guácimo,0.709976355411244,0.698846391675398,0.904122895406079,0.0489251986337781,0.162381597084028,0.301297680970958,0.0051910025075626,0.148515461572301,0.0048090614793944,0.379332823809738,0.225644022838646,0.209818819403857,0.185204333947759,223390.4010925687,58247.0487559604,3.835222657005592
