cod_canton,provincia,canton,IDH_2024,ICC_2024,PIB_percapita_2022,UJ_por_1000hab_2024,ISC_2025,IPM_2024,IVDAC_2024
101,San José,San José,0.814500897738676,66.018798828125,22.883816762891662,138.92480977272845,0.70904142117354,0.0461572271010037,0.702761104983901
102,San José,Escazú,0.91395057800921,71.9805374145508,28.126979841532616,178.51060974777366,0.98253547275172,0.0294885208624327,0.21547419754888
103,San José,Desamparados,0.800240775186397,51.2223777770996,3.9389329481145308,43.313481943773084,0.92952475178278,0.030919748210113,0.479550576918485
104,San José,Puriscal,0.800816395008548,42.2429428100586,3.3626212340710953,39.85228024698475,0.901867276413838,0.0298642995180177,0.328205349362983
105,San José,Tarrazú,0.755295656093119,39.3525924682617,5.637932622837922,91.27203807926273,0.976008310119945,0.0826241191144547,0.290291904213708
106,San José,Aserrí,0.794624761464801,42.0841407775879,2.337767778075699,34.79137614680356,0.925447352434989,0.0388773787620771,0.443198570409408
107,San José,Mora,0.858365996441958,47.481689453125,7.9148387730159255,71.0034574904318,0.923322261442979,0.0350487365175704,0.286162308133625
108,San José,Goicoechea,0.809666849367857,55.34326171875,7.711414322205155,56.72533518597523,0.920748565913876,0.0361143045044856,0.376530074969931
109,San José,Santa Ana,0.906830327783547,61.8384513854981,32.79314280292561,131.5051433930964,0.910667410365794,0.0263333654863372,0.2844906339014
110,San José,Alajuelita,0.758261893368289,44.737922668457,2.0537197348198637,22.654976225289502,0.914916887453922,0.0550704643556415,0.63400317893833
111,San José,Vázquez de Coronado,0.848179413643525,45.3937301635742,4.524038129779458,59.10673726054812,0.955929456564006,0.0219549023203575,0.347880927443685
112,San José,Acosta,0.76168580636429,38.7364311218262,3.4425128271960923,39.62632301626904,0.945923430946519,0.0400245399214365,0.399803263055608
113,San José,Tibás,0.809493696582508,59.2566986083984,7.173499364395834,59.37218440849948,0.944884271292786,0.026833920242428,0.345122366697754
114,San José,Moravia,0.866724931692289,58.400936126709,6.446541246398428,87.99538443734636,0.916712293224245,0.020119040975269,0.236082521336632
115,San José,Montes de Oca,0.891613552541307,63.2064895629883,22.065867113003247,146.33450213414392,0.933767393005423,0.0135640163083291,0.263892533123488
116,San José,Turrubares,0.805214854927305,34.0588302612305,2.4008763957476082,25.576176571773996,0.979809043532606,0.0537000118070641,0.477102269706253
117,San José,Dota,0.756406448838213,40.3537063598633,4.857950999170211,84.37572633506235,0.860310775776186,0.0748343676142056,0.296960793600363
118,San José,Curridabat,0.868500387502542,63.5967254638672,12.106772825416227,104.21233192308624,0.91676860904188,0.0357767249632985,0.241726656080557
119,San José,Pérez Zeledón,0.769934629539999,46.3677024841309,5.167557893895433,67.21896033027596,0.831443036727253,0.0506952421554247,0.384939369848637
120,San José,León Cortés Castro,0.766940535076008,37.9387130737305,6.574041988801143,63.444673894073986,0.893960626203313,0.07244256977066,0.35351213649175
201,Alajuela,Alajuela,0.833575618846815,64.3559036254883,13.881495206968781,62.34961033117441,0.848420972300311,0.0358523320617833,0.56245801591793
202,Alajuela,San Ramón,0.81037374279489,47.7991561889648,4.250625317330883,58.25775743524499,0.832839804943119,0.0440010289487847,0.551565465277664
203,Alajuela,Grecia,0.827441075847335,54.8780860900879,6.317276857331969,58.30249272132741,0.936805245283026,0.0385422548831327,0.408615509179618
204,Alajuela,San Mateo,0.753973633234521,47.4162979125977,2.7759214620469628,36.36762463781273,0.784870760601276,0.0518159318971093,0.296749115800799
205,Alajuela,Atenas,0.867123928097109,48.3459930419922,4.186163473819674,61.045820043466286,0.897886608090777,0.0307603062603436,0.408318566092561
206,Alajuela,Naranjo,0.794120701298094,48.7785758972168,3.4487313602910676,48.10696597778193,0.978828302059394,0.0419576048554376,0.209382203572583
207,Alajuela,Palmares,0.810258271689201,50.1482200622559,4.903694910603646,60.60966652985539,0.955390453847798,0.027548948954157,0.330897946894506
208,Alajuela,Poás,0.797867145041301,48.9472160339356,4.722388059659287,47.386673044813264,0.976776972454983,0.0414551531961477,0.288297952091048
209,Alajuela,Orotina,0.796856211212418,47.5485229492188,4.049279536454705,41.6081362864708,0.779726589343413,0.0400300525521101,0.581021164179028
210,Alajuela,San Carlos,0.806722643477325,49.0851593017578,5.764803690144138,53.22636013239161,0.842406550988602,0.0748033739342136,0.395172622028487
211,Alajuela,Zarcero,0.812855378705257,45.4820594787598,7.586553002676299,73.0951659063352,0.978414701446153,0.0482820330281705,0.263474801179192
212,Alajuela,Sarchí,0.776134620652117,48.7269325256348,4.89488605812257,39.32065605854157,0.940912142444081,0.042728607005442,0.287311109674282
213,Alajuela,Upala,0.732207325515978,36.7429046630859,3.096655072360596,26.521462298163847,0.860696591096475,0.111683428288634,0.385172770498959
214,Alajuela,Los Chiles,0.685815336372769,31.7370147705078,2.98102016328336,19.168984061923947,0.758338929572492,0.188179463310223,0.392441541544699
215,Alajuela,Guatuso,0.715091043970686,38.5434341430664,2.382038723951106,33.6728407332025,0.795070821022145,0.0869984688487907,0.383042332381702
216,Alajuela,Río Cuarto,0.770049457005558,45.6533203125,3.1810755079004376,43.52841005961078,0.892840931563296,0.0608102285170881,0.318978589575951
301,Cartago,Cartago,0.847401219385358,63.2738189697266,11.303204142529516,70.41595016247656,0.854583418321063,0.0378735049055782,0.325913002185421
302,Cartago,Paraíso,0.82122400574703,50.046688079834,4.726985711105472,40.744709633044934,0.90514422777475,0.0350069551887803,0.42685141279379
303,Cartago,La Unión,0.863967016911709,56.6459159851074,5.571576638531216,61.065124418499764,0.89769719935535,0.0370191796167392,0.342232553341456
304,Cartago,Jiménez,0.768912385807482,40.5328254699707,7.332209613249095,23.401488228447047,0.979458462940032,0.0449697860154212,0.40583059589141
305,Cartago,Turrialba,0.802503553061161,42.1530990600586,5.1458800906943125,46.95103079438508,0.861627959462672,0.0958454349491963,0.569992843973112
306,Cartago,Alvarado,0.840620059107419,47.4019470214844,5.975087942836944,48.15389002342026,0.936407593682095,0.0565232618895922,0.387537946657422
307,Cartago,Oreamuno,0.81132868350387,48.0785331726074,3.0756130855846555,43.423355105261145,0.881116267440282,0.0329822566627737,0.392901143099252
308,Cartago,El Guarco,0.823465483077924,54.5577735900879,4.907501454665439,63.322850941897904,0.916878838403417,0.0338262441565656,0.3164683731434
401,Heredia,Heredia,0.869531742547576,64.5118865966797,17.776852733087047,82.24863720923801,0.860990938467683,0.0301718316961812,0.46491097770974
402,Heredia,Barva,0.844612598339763,50.559513092041,5.47212418445372,59.76628023466059,0.954088398808081,0.0214894155126912,0.250067315793969
403,Heredia,Santo Domingo,0.879851666662394,64.9646682739258,13.135547027063991,86.86011720339225,0.935591826897913,0.0159760522868298,0.309018850632759
404,Heredia,Santa Bárbara,0.834183399422101,50.5186767578125,3.1588252603607647,46.01373119830905,0.923458203483422,0.0272942855025676,0.321855213598517
405,Heredia,San Rafael,0.877151607384471,49.7838249206543,6.24855928501895,56.469613844277596,0.914173028006611,0.0237745886406276,0.282152515881291
406,Heredia,San Isidro,0.893620459933979,49.6711196899414,5.852284881840903,73.93414877842774,0.985500593253843,0.0223626487193278,0.266168071939616
407,Heredia,Belén,0.908713489067584,73.4033889770508,75.94966742555934,119.88438228863043,0.975316899496195,0.0198648892682172,0.209200833462744
408,Heredia,Flores,0.840905410098308,54.4391746520996,23.42071396337437,90.55115755618507,0.983585044553389,0.015387730465346,0.324034369267587
409,Heredia,San Pablo,0.889516139284745,56.1625709533691,7.321908841783549,85.16082281967581,0.983476722204224,0.0174743930185232,0.213346611188841
410,Heredia,Sarapiquí,0.728174236407159,37.8785629272461,3.113403963694907,22.816905602344175,0.90716984319972,0.0881583404739214,0.503449395309935
501,Guanacaste,Liberia,0.791302252330911,51.1711349487305,12.443803186463828,49.36438774875045,0.727252280817077,0.0630796668739325,0.459266343196877
502,Guanacaste,Nicoya,0.773443406937538,45.634162902832,4.823706012801894,53.948244514680525,0.636207385839924,0.0579554576631656,0.658217290146886
503,Guanacaste,Santa Cruz,0.752324195160108,47.3688850402832,5.6613471148408365,65.4307751114203,0.636686512115877,0.0463341300856636,0.607401757684181
504,Guanacaste,Bagaces,0.745389971021637,47.3345184326172,6.588073819597369,36.86403485995461,0.845471802704435,0.0684898638176287,0.489101102782071
505,Guanacaste,Carrillo,0.753182005265397,50.0761299133301,6.100681174175097,47.06395281480388,0.83346399833103,0.0577049819405919,0.488501469836456
506,Guanacaste,Cañas,0.747975347253472,47.0058517456055,4.944218352693177,41.27512757811003,0.784749461086686,0.0468378815823788,0.475547547169501
507,Guanacaste,Abangares,0.78289649877353,47.1742973327637,5.864989333550417,41.61542590137007,0.765973228676989,0.0554021894290097,0.60151156468966
508,Guanacaste,Tilarán,0.805872381843258,46.7056541442871,7.692254256152886,52.99427956036057,0.966648389412808,0.0398568891036986,0.482932247071149
509,Guanacaste,Nandayure,0.717251217473581,49.6835289001465,3.5641172980125995,45.252203643001664,0.966518401819312,0.0546045029290767,0.360626206625312
510,Guanacaste,La Cruz,0.692153970110043,38.9574851989746,3.209639683776581,18.80935424068,0.781885093660305,0.113001628310986,0.59883264270924
511,Guanacaste,Hojancha,0.759073606046182,46.718376159668,4.273877565598444,62.9496309988833,0.768444864769258,0.0524708538526854,0.337699744369975
601,Puntarenas,Puntarenas,0.773970035348399,46.1441040039063,5.4414931768413854,31.527599035879117,0.703790598315143,0.0574966456313559,0.717991900523218
602,Puntarenas,Esparza,0.789413210229073,51.0802459716797,3.825337998919689,35.35133521713722,0.818753782525702,0.0402321033909099,0.524764130931261
603,Puntarenas,Buenos Aires,0.627125103234115,32.8618507385254,2.5700268152919135,25.94601179800349,0.852963577526359,0.0876300105289672,0.443207379280606
604,Puntarenas,Montes de Oro,0.753713704735878,42.6324310302734,5.432532717527457,39.20947881941695,0.866192866713206,0.0426046989276284,0.31237836541329
605,Puntarenas,Osa,0.720701795155522,45.3524627685547,5.952526537462119,68.72412064953083,0.611735789428899,0.08433545266114,0.631435676978105
606,Puntarenas,Quepos,0.745336083060049,42.8447761535645,6.275675738984566,56.93360952743683,0.601627980246909,0.0590783711683047,0.713690750754001
607,Puntarenas,Golfito,0.771906013473197,37.0788269042969,4.209729324886384,25.46787554342512,0.765046024533794,0.0736053751247961,0.530406677510483
608,Puntarenas,Coto Brus,0.711801842526594,42.5922775268555,4.4860077711193895,54.471238000599136,0.774357969313938,0.169850465570106,0.509567249853435
609,Puntarenas,Parrita,0.753398983113903,39.8776473999023,4.555927814096213,34.29226371800357,0.655403001353073,0.0601880716724683,0.693292801982588
610,Puntarenas,Corredores,0.714909442272113,36.7068634033203,3.8594905327258986,46.05582695022223,0.71374058226957,0.0610593882671987,0.644419766969398
611,Puntarenas,Garabito,0.742904477068787,49.4516258239746,7.080713191057643,73.96224178980714,0.653713643050924,0.0635782317708618,0.657693029358545
701,Limón,Limón,0.724866640474014,40.1912689208984,5.054298188273413,34.44234700175664,0.632177678823063,0.0773764338997559,0.711563647635734
702,Limón,Pococí,0.753700628311772,45.9313354492188,5.088750993066644,35.18324232578313,0.860306115276818,0.0548774389327357,0.4636341391574
703,Limón,Siquirres,0.756249245409699,39.6864624023438,8.015731672232508,26.499003664186567,0.716536374077324,0.0856188308873888,0.642217199166245
704,Limón,Talamanca,0.725045571582004,30.3142890930176,3.7075059965801183,32.52107503272369,0.728078689306034,0.15995328369055,0.435832280242707
705,Limón,Matina,0.661014223334815,34.3975486755371,4.084297501904593,14.506064873952969,0.730126367613549,0.0834308811141077,0.653618714713798
706,Limón,Guácimo,0.709976355411244,43.2936515808106,3.835222657005592,21.35730524669204,0.852787633784605,0.0489251986337781,0.538612118805768
