variable,par,p_dunn,p_holm,mediana_a,mediana_b,n_a,n_b
PIB_percapita_2022,Bajo vs Medio,0.03503681658303929,0.07007363316607858,3.771364326792855,5.088750993066644,12,25
PIB_percapita_2022,Medio vs Alto,0.9030819506824641,0.9030819506824641,5.088750993066644,4.9055981826345425,25,26
PIB_percapita_2022,Alto vs Muy Alto,0.0012384415572926474,0.003715324671877942,4.9055981826345425,9.60902145777272,26,18
PIB_percapita_2022,Bajo vs Muy Alto,2.1873333647415648e-06,8.749333458966259e-06,3.771364326792855,9.60902145777272,12,18
ICC_2024,Bajo vs Medio,0.13733319703463007,0.13733319703463007,38.7504596710205,45.634162902832,12,25
ICC_2024,Medio vs Alto,0.0014526349523991734,0.0043579048571975205,45.634162902832,49.016187667846694,25,26
ICC_2024,Alto vs Muy Alto,0.03013806118215963,0.06027612236431926,49.016187667846694,57.5234260559082,26,18
ICC_2024,Bajo vs Muy Alto,2.444229812946731e-08,9.776919251786924e-08,38.7504596710205,57.5234260559082,12,18
UJ_por_1000hab_2024,Bajo vs Medio,0.08879101702464434,0.17758203404928868,33.096957882963096,39.62632301626904,12,25
UJ_por_1000hab_2024,Medio vs Alto,0.32530843781739216,0.32530843781739216,39.62632301626904,48.1304280006011,25,26
UJ_por_1000hab_2024,Alto vs Muy Alto,0.00020084130067050872,0.0006025239020115262,48.1304280006011,83.70473001445691,26,18
UJ_por_1000hab_2024,Bajo vs Muy Alto,6.592659363590652e-08,2.6370637454362606e-07,33.096957882963096,83.70473001445691,12,18
IPM_2024,Bajo vs Medio,0.0714841918521296,0.0714841918521296,0.08566696075496535,0.0577049819405919,12,25
IPM_2024,Medio vs Alto,0.00167215685154879,0.00501647055464637,0.0577049819405919,0.03994347082790435,25,28
IPM_2024,Alto vs Muy Alto,0.0016960880769961598,0.00501647055464637,0.03994347082790435,0.023068618679977698,28,18
IPM_2024,Bajo vs Muy Alto,5.253764392090763e-11,2.1015057568363052e-10,0.08566696075496535,0.023068618679977698,12,18
