variable,canton,valor,z_robusto,lado
IDH_2024,Buenos Aires,0.627125103234115,-2.833173387332039,bajo
ICC_2024,San José,66.018798828125,2.6331200321098303,alto
ICC_2024,Escazú,71.9805374145508,3.4755850567882316,alto
ICC_2024,Alajuela,64.3559036254883,2.3981330350085672,alto
ICC_2024,Heredia,64.5118865966797,2.4201752959646887,alto
ICC_2024,Santo Domingo,64.9646682739258,2.48415876678704,alto
ICC_2024,Belén,73.4033889770508,3.6766510141994764,alto
PIB_percapita_2022,San José,22.883816762891666,8.750045040564261,alto
PIB_percapita_2022,Escazú,28.126979841532616,11.332315602585515,alto
PIB_percapita_2022,Santa Ana,32.79314280292561,13.630412204212156,alto
PIB_percapita_2022,Montes de Oca,22.065867113003247,8.347202849611477,alto
PIB_percapita_2022,Curridabat,12.106772825416227,3.442324703060296,alto
PIB_percapita_2022,Alajuela,13.88149520696878,4.31637979021034,alto
PIB_percapita_2022,Heredia,17.776852733087047,6.234852841185983,alto
PIB_percapita_2022,Santo Domingo,13.135547027063993,3.948998498255417,alto
PIB_percapita_2022,Belén,75.94966742555934,34.8851054915815,alto
PIB_percapita_2022,Flores,23.42071396337437,9.014468216964389,alto
PIB_percapita_2022,Liberia,12.443803186463828,3.6083129751752656,alto
UJ_por_1000hab_2024,San José,138.92480977272845,4.319579615606528,alto
UJ_por_1000hab_2024,Escazú,178.51060974777366,6.21602216362081,alto
UJ_por_1000hab_2024,Santa Ana,131.5051433930964,3.9641246033729587,alto
UJ_por_1000hab_2024,Montes de Oca,146.33450213414392,4.674556801131214,alto
UJ_por_1000hab_2024,Belén,119.88438228863043,3.4074071488132054,alto
IPM_2024,Upala,0.111683428288634,3.0047496410576264,alto
IPM_2024,Los Chiles,0.188179463310223,6.517270087492824,alto
IPM_2024,La Cruz,0.113001628310986,3.0652783276711992,alto
IPM_2024,Coto Brus,0.169850465570106,5.675645037166285,alto
IPM_2024,Talamanca,0.15995328369055,5.2211894081364,alto
