archivo,variable,descripcion,unidad_o_escala,anio,fuente_o_origen
articulo_cantones_resultados.csv,cod_canton,Código cantonal de 3 dígitos (PDD: provincia + 2 dígitos de cantón),texto/entero,—,"Registro Nacional–IGN, DTA 2026"
articulo_cantones_resultados.csv,provincia,Provincia,texto,—,"Registro Nacional–IGN, DTA 2026"
articulo_cantones_resultados.csv,canton,Cantón,texto,—,"Registro Nacional–IGN, DTA 2026"
articulo_cantones_resultados.csv,IDH_2024,Índice de Desarrollo Humano cantonal,0–1,2024,"PNUD Costa Rica, Atlas de Desarrollo Humano Cantonal (2026)"
articulo_cantones_resultados.csv,IDHD_2024,IDH ajustado por desigualdad (IDH-D),0–1,2024,"PNUD Costa Rica, Atlas de Desarrollo Humano Cantonal (2026)"
articulo_cantones_resultados.csv,IDG_2024,Índice de Desarrollo de Género (1 = paridad),razón,2024,"PNUD Costa Rica, Atlas de Desarrollo Humano Cantonal (2026)"
articulo_cantones_resultados.csv,IPM_2024,Índice de Pobreza Multidimensional (corte único),0–1,2024,"PNUD Costa Rica, Atlas de Desarrollo Humano Cantonal (2026)"
articulo_cantones_resultados.csv,IPM_Incidencia,Subindicador del IPM: incidencia,según Atlas,2024,"PNUD Costa Rica, Atlas de Desarrollo Humano Cantonal (2026)"
articulo_cantones_resultados.csv,IPM_Intensidad,Subindicador del IPM: intensidad,según Atlas,2024,"PNUD Costa Rica, Atlas de Desarrollo Humano Cantonal (2026)"
articulo_cantones_resultados.csv,IPM_Severidad,Subindicador del IPM: severidad,según Atlas,2024,"PNUD Costa Rica, Atlas de Desarrollo Humano Cantonal (2026)"
articulo_cantones_resultados.csv,IPM_Vulnerabilidad,Subindicador del IPM: vulnerabilidad,según Atlas,2024,"PNUD Costa Rica, Atlas de Desarrollo Humano Cantonal (2026)"
articulo_cantones_resultados.csv,IPM_Desigualdad,Subindicador del IPM: desigualdad entre pobres,según Atlas,2024,"PNUD Costa Rica, Atlas de Desarrollo Humano Cantonal (2026)"
articulo_cantones_resultados.csv,IPM_Contrib_Educacion,Contribución de la dimensión educacion al IPM,proporción,2024,"PNUD Costa Rica, Atlas de Desarrollo Humano Cantonal (2026)"
articulo_cantones_resultados.csv,IPM_Contrib_Proteccion,Contribución de la dimensión proteccion al IPM,proporción,2024,"PNUD Costa Rica, Atlas de Desarrollo Humano Cantonal (2026)"
articulo_cantones_resultados.csv,IPM_Contrib_Salud,Contribución de la dimensión salud al IPM,proporción,2024,"PNUD Costa Rica, Atlas de Desarrollo Humano Cantonal (2026)"
articulo_cantones_resultados.csv,IPM_Contrib_Vivienda,Contribución de la dimensión vivienda al IPM,proporción,2024,"PNUD Costa Rica, Atlas de Desarrollo Humano Cantonal (2026)"
articulo_cantones_resultados.csv,pib_2022,PIB cantonal,millones de colones corrientes,2022,Banco Central de Costa Rica (BCCR)
articulo_cantones_resultados.csv,poblacion_2024,Población 2024 (variable del ICC),personas,2024,"Escuela de Economía, UCR (ICC)"
articulo_cantones_resultados.csv,PIB_percapita_2022,PIB cantonal ÷ población 2024,millones de colones por habitante,2022,"Banco Central de Costa Rica (BCCR) / Escuela de Economía, UCR (ICC)"
articulo_cantones_resultados.csv,IDH_cat,Categoría de IDH por rupturas naturales de Jenks (0 = Muy Bajo … 4 = Muy Alto),0–4,2024,"Derivada (artículo, scripts a1–a5)"
articulo_cantones_resultados.csv,IDHD_cat,Categoría de IDHD por rupturas naturales de Jenks (0 = Muy Bajo … 4 = Muy Alto),0–4,2024,"Derivada (artículo, scripts a1–a5)"
articulo_cantones_resultados.csv,IDG_cat,Categoría de IDG por rupturas naturales de Jenks (0 = Muy Bajo … 4 = Muy Alto),0–4,2024,"Derivada (artículo, scripts a1–a5)"
articulo_cantones_resultados.csv,ICC_2024,Índice de Competitividad Cantonal (general),0–100,2024,"Escuela de Economía, UCR (ICC)"
articulo_cantones_resultados.csv,UJ_por_1000hab_2024,Unidades jurídicas por 1.000 habitantes (población 2024),UJ/1.000 hab.,2024,"Banco Central de Costa Rica (BCCR) / Escuela de Economía, UCR (ICC)"
articulo_cantones_resultados.csv,ISC_2025,Índice de Seguridad Ciudadana (valores altos = mejor seguridad; dato preliminar 2025),0–1,2025,"PNUD Costa Rica, Atlas de Desarrollo Humano Cantonal (2026)"
articulo_cantones_resultados.csv,IVDAC_2024,Índice de Vulnerabilidad a Drogas y Actividades Conexas,0–1,2024,"PNUD Costa Rica, Atlas de Desarrollo Humano Cantonal (2026)"
articulo_cantones_resultados.csv,C1,Puntaje rotado del componente 1 (PCA con ln del PIB per cápita y de UJ/1.000),DE,—,"Derivada (artículo, scripts a1–a5)"
articulo_cantones_resultados.csv,C2,Puntaje rotado del componente 2,DE,—,"Derivada (artículo, scripts a1–a5)"
articulo_cantones_resultados.csv,Q,"Cuadrante del artículo (PCA en logaritmos, varimax; mismas reglas Q1–Q4)",categoría,—,"Derivada (artículo, scripts a1–a5)"
articulo_cantones_resultados.csv,Q_unrot_log,"Cuadrante sin rotar, especificación logarítmica",categoría,—,"Derivada (artículo, scripts a1–a5)"
articulo_cantones_resultados.csv,Q_unrot_raw,"Cuadrante sin rotar, escala original",categoría,—,"Derivada (artículo, scripts a1–a5)"
articulo_cantones_resultados.csv,Q_varimax_raw,"Cuadrante varimax, escala original",categoría,—,"Derivada (artículo, scripts a1–a5)"
articulo_cantones_resultados.csv,K3,Conglomerado K-means k=3 (1 = mayor ICC medio),entero,—,"Derivada (artículo, scripts a1–a5)"
articulo_cantones_resultados.csv,K4raw,"Conglomerado K-means k=4, escala original",entero,—,"Derivada (artículo, scripts a1–a5)"
articulo_cantones_resultados.csv,GAM,Cantón de la Gran Área Metropolitana — clasificación de referencia (pendiente de validación del autor),booleano,—,"Derivada (artículo, scripts a1–a5)"
articulo_cantones_resultados.csv,FRONT,Cantón fronterizo — clasificación de referencia (pendiente de validación del autor),booleano,—,"Derivada (artículo, scripts a1–a5)"
articulo_cantones_resultados.csv,LITO,Cantón litoral — clasificación de referencia (pendiente de validación del autor),booleano,—,"Derivada (artículo, scripts a1–a5)"
articulo_cantones_resultados.csv,PERIF,Costero o fronterizo (FRONT o LITO) — pendiente de validación,booleano,—,"Derivada (artículo, scripts a1–a5)"
articulo_ds3_n84_idh_idhd_idg_ipm_pib.csv,cod_canton,Código cantonal de 3 dígitos (PDD: provincia + 2 dígitos de cantón),texto/entero,—,"Registro Nacional–IGN, DTA 2026"
articulo_ds3_n84_idh_idhd_idg_ipm_pib.csv,provincia,Provincia,texto,—,"Registro Nacional–IGN, DTA 2026"
articulo_ds3_n84_idh_idhd_idg_ipm_pib.csv,canton,Cantón,texto,—,"Registro Nacional–IGN, DTA 2026"
articulo_ds3_n84_idh_idhd_idg_ipm_pib.csv,IDH_2024,Índice de Desarrollo Humano cantonal,0–1,2024,"PNUD Costa Rica, Atlas de Desarrollo Humano Cantonal (2026)"
articulo_ds3_n84_idh_idhd_idg_ipm_pib.csv,IDHD_2024,IDH ajustado por desigualdad (IDH-D),0–1,2024,"PNUD Costa Rica, Atlas de Desarrollo Humano Cantonal (2026)"
articulo_ds3_n84_idh_idhd_idg_ipm_pib.csv,IDG_2024,Índice de Desarrollo de Género (1 = paridad),razón,2024,"PNUD Costa Rica, Atlas de Desarrollo Humano Cantonal (2026)"
articulo_ds3_n84_idh_idhd_idg_ipm_pib.csv,IPM_2024,Índice de Pobreza Multidimensional (corte único),0–1,2024,"PNUD Costa Rica, Atlas de Desarrollo Humano Cantonal (2026)"
articulo_ds3_n84_idh_idhd_idg_ipm_pib.csv,IPM_Incidencia,Subindicador del IPM: incidencia,según Atlas,2024,"PNUD Costa Rica, Atlas de Desarrollo Humano Cantonal (2026)"
articulo_ds3_n84_idh_idhd_idg_ipm_pib.csv,IPM_Intensidad,Subindicador del IPM: intensidad,según Atlas,2024,"PNUD Costa Rica, Atlas de Desarrollo Humano Cantonal (2026)"
articulo_ds3_n84_idh_idhd_idg_ipm_pib.csv,IPM_Severidad,Subindicador del IPM: severidad,según Atlas,2024,"PNUD Costa Rica, Atlas de Desarrollo Humano Cantonal (2026)"
articulo_ds3_n84_idh_idhd_idg_ipm_pib.csv,IPM_Vulnerabilidad,Subindicador del IPM: vulnerabilidad,según Atlas,2024,"PNUD Costa Rica, Atlas de Desarrollo Humano Cantonal (2026)"
articulo_ds3_n84_idh_idhd_idg_ipm_pib.csv,IPM_Desigualdad,Subindicador del IPM: desigualdad entre pobres,según Atlas,2024,"PNUD Costa Rica, Atlas de Desarrollo Humano Cantonal (2026)"
articulo_ds3_n84_idh_idhd_idg_ipm_pib.csv,IPM_Contrib_Educacion,Contribución de la dimensión educacion al IPM,proporción,2024,"PNUD Costa Rica, Atlas de Desarrollo Humano Cantonal (2026)"
articulo_ds3_n84_idh_idhd_idg_ipm_pib.csv,IPM_Contrib_Proteccion,Contribución de la dimensión proteccion al IPM,proporción,2024,"PNUD Costa Rica, Atlas de Desarrollo Humano Cantonal (2026)"
articulo_ds3_n84_idh_idhd_idg_ipm_pib.csv,IPM_Contrib_Salud,Contribución de la dimensión salud al IPM,proporción,2024,"PNUD Costa Rica, Atlas de Desarrollo Humano Cantonal (2026)"
articulo_ds3_n84_idh_idhd_idg_ipm_pib.csv,IPM_Contrib_Vivienda,Contribución de la dimensión vivienda al IPM,proporción,2024,"PNUD Costa Rica, Atlas de Desarrollo Humano Cantonal (2026)"
articulo_ds3_n84_idh_idhd_idg_ipm_pib.csv,pib_2022,PIB cantonal,millones de colones corrientes,2022,Banco Central de Costa Rica (BCCR)
articulo_ds3_n84_idh_idhd_idg_ipm_pib.csv,poblacion_2024,Población 2024 (variable del ICC),personas,2024,"Escuela de Economía, UCR (ICC)"
articulo_ds3_n84_idh_idhd_idg_ipm_pib.csv,PIB_percapita_2022,PIB cantonal ÷ población 2024,millones de colones por habitante,2022,"Banco Central de Costa Rica (BCCR) / Escuela de Economía, UCR (ICC)"
articulo_idg_clasificacion_cantonal.csv,cod_canton,Código cantonal de 3 dígitos (PDD: provincia + 2 dígitos de cantón),texto/entero,—,"Registro Nacional–IGN, DTA 2026"
articulo_idg_clasificacion_cantonal.csv,provincia,Provincia,texto,—,"Registro Nacional–IGN, DTA 2026"
articulo_idg_clasificacion_cantonal.csv,canton,Cantón,texto,—,"Registro Nacional–IGN, DTA 2026"
articulo_idg_clasificacion_cantonal.csv,IDH_2024,Índice de Desarrollo Humano cantonal,0–1,2024,"PNUD Costa Rica, Atlas de Desarrollo Humano Cantonal (2026)"
articulo_idg_clasificacion_cantonal.csv,IDHD_2024,IDH ajustado por desigualdad (IDH-D),0–1,2024,"PNUD Costa Rica, Atlas de Desarrollo Humano Cantonal (2026)"
articulo_idg_clasificacion_cantonal.csv,IDG_2024,Índice de Desarrollo de Género (1 = paridad),razón,2024,"PNUD Costa Rica, Atlas de Desarrollo Humano Cantonal (2026)"
articulo_idg_clasificacion_cantonal.csv,IDH_cat,Categoría de IDH por rupturas naturales de Jenks (0 = Muy Bajo … 4 = Muy Alto),0–4,2024,"Derivada (artículo, scripts a1–a5)"
articulo_idg_clasificacion_cantonal.csv,IDHD_cat,Categoría de IDHD por rupturas naturales de Jenks (0 = Muy Bajo … 4 = Muy Alto),0–4,2024,"Derivada (artículo, scripts a1–a5)"
articulo_idg_clasificacion_cantonal.csv,IDG_cat,Categoría de IDG por rupturas naturales de Jenks (0 = Muy Bajo … 4 = Muy Alto),0–4,2024,"Derivada (artículo, scripts a1–a5)"
articulo_idg_clasificacion_cantonal.csv,dist_paridad,"|IDG − 1|, distancia a la paridad",razón,2024,"Derivada (artículo, scripts a1–a5)"
articulo_idg_clasificacion_cantonal.csv,dist_cat,Categoría Jenks de la distancia a la paridad,0–4,2024,"Derivada (artículo, scripts a1–a5)"
articulo_informe_ds1_n82_icc_uj_isc_ivdac.csv,cod_canton,Código cantonal de 3 dígitos (PDD: provincia + 2 dígitos de cantón),texto/entero,—,"Registro Nacional–IGN, DTA 2026"
articulo_informe_ds1_n82_icc_uj_isc_ivdac.csv,provincia,Provincia,texto,—,"Registro Nacional–IGN, DTA 2026"
articulo_informe_ds1_n82_icc_uj_isc_ivdac.csv,canton,Cantón,texto,—,"Registro Nacional–IGN, DTA 2026"
articulo_informe_ds1_n82_icc_uj_isc_ivdac.csv,IDH_2024,Índice de Desarrollo Humano cantonal,0–1,2024,"PNUD Costa Rica, Atlas de Desarrollo Humano Cantonal (2026)"
articulo_informe_ds1_n82_icc_uj_isc_ivdac.csv,ICC_2024,Índice de Competitividad Cantonal (general),0–100,2024,"Escuela de Economía, UCR (ICC)"
articulo_informe_ds1_n82_icc_uj_isc_ivdac.csv,PIB_percapita_2022,PIB cantonal ÷ población 2024,millones de colones por habitante,2022,"Banco Central de Costa Rica (BCCR) / Escuela de Economía, UCR (ICC)"
articulo_informe_ds1_n82_icc_uj_isc_ivdac.csv,UJ_por_1000hab_2024,Unidades jurídicas por 1.000 habitantes (población 2024),UJ/1.000 hab.,2024,"Banco Central de Costa Rica (BCCR) / Escuela de Economía, UCR (ICC)"
articulo_informe_ds1_n82_icc_uj_isc_ivdac.csv,ISC_2025,Índice de Seguridad Ciudadana (valores altos = mejor seguridad; dato preliminar 2025),0–1,2025,"PNUD Costa Rica, Atlas de Desarrollo Humano Cantonal (2026)"
articulo_informe_ds1_n82_icc_uj_isc_ivdac.csv,IPM_2024,Índice de Pobreza Multidimensional (corte único),0–1,2024,"PNUD Costa Rica, Atlas de Desarrollo Humano Cantonal (2026)"
articulo_informe_ds1_n82_icc_uj_isc_ivdac.csv,IVDAC_2024,Índice de Vulnerabilidad a Drogas y Actividades Conexas,0–1,2024,"PNUD Costa Rica, Atlas de Desarrollo Humano Cantonal (2026)"
informe_base82.csv,cod_canton,Código cantonal de 3 dígitos (PDD: provincia + 2 dígitos de cantón),texto/entero,—,"Registro Nacional–IGN, DTA 2026"
informe_base82.csv,provincia,Provincia,texto,—,"Registro Nacional–IGN, DTA 2026"
informe_base82.csv,canton,Cantón,texto,—,"Registro Nacional–IGN, DTA 2026"
informe_base82.csv,area_km2,Área cantonal,km²,2026,"Registro Nacional–IGN, DTA 2026"
informe_base82.csv,IDH_2024,Índice de Desarrollo Humano cantonal,0–1,2024,"PNUD Costa Rica, Atlas de Desarrollo Humano Cantonal (2026)"
informe_base82.csv,ISC_2025,Índice de Seguridad Ciudadana (valores altos = mejor seguridad; dato preliminar 2025),0–1,2025,"PNUD Costa Rica, Atlas de Desarrollo Humano Cantonal (2026)"
informe_base82.csv,IPM_2024,Índice de Pobreza Multidimensional (corte único),0–1,2024,"PNUD Costa Rica, Atlas de Desarrollo Humano Cantonal (2026)"
informe_base82.csv,IVDAC_2024,Índice de Vulnerabilidad a Drogas y Actividades Conexas,0–1,2024,"PNUD Costa Rica, Atlas de Desarrollo Humano Cantonal (2026)"
informe_base82.csv,ICC_2024,Índice de Competitividad Cantonal (general),0–100,2024,"Escuela de Economía, UCR (ICC)"
informe_base82.csv,pob_2024,Población 2024 (variable del ICC),personas,2024,"Escuela de Economía, UCR (ICC)"
informe_base82.csv,pob_2023,Población 2023 (variable del ICC),personas,2023,"Escuela de Economía, UCR (ICC)"
informe_base82.csv,pea_2024,Población económicamente activa,personas,2024,"Escuela de Economía, UCR (ICC)"
informe_base82.csv,PIB_2022_mill_crc,PIB cantonal,millones de colones corrientes,2022,Banco Central de Costa Rica (BCCR)
informe_base82.csv,UJ_total_2024,Unidades jurídicas (todas las categorías; excluye código 999 «sin distribuir»),unidades,2024,Banco Central de Costa Rica (BCCR) (REVEC)
informe_base82.csv,UJ_total_2022,Unidades jurídicas (excluye 999),unidades,2022,Banco Central de Costa Rica (BCCR) (REVEC)
informe_base82.csv,PIB_percapita_2022,PIB cantonal ÷ población 2024,millones de colones por habitante,2022,"Banco Central de Costa Rica (BCCR) / Escuela de Economía, UCR (ICC)"
informe_base82.csv,UJ_por_1000hab_2024,Unidades jurídicas por 1.000 habitantes (población 2024),UJ/1.000 hab.,2024,"Banco Central de Costa Rica (BCCR) / Escuela de Economía, UCR (ICC)"
informe_base82.csv,PIB_percapita_2022_pob2023,PIB 2022 ÷ población 2023 (escenario de sensibilidad B),millones de colones por habitante,2022,"Banco Central de Costa Rica (BCCR) / Escuela de Economía, UCR (ICC)"
informe_base82.csv,UJ_por_1000hab_2024_pob2023,UJ 2024 por 1.000 hab. con población 2023 (sensibilidad),UJ/1.000 hab.,2024,"Banco Central de Costa Rica (BCCR) / Escuela de Economía, UCR (ICC)"
informe_base82.csv,IDH_2022,IDH,0–1,2022,"PNUD Costa Rica, Atlas de Desarrollo Humano Cantonal (2026)"
informe_base82.csv,ISC_2022,Índice de Seguridad Ciudadana,0–1,2022,"PNUD Costa Rica, Atlas de Desarrollo Humano Cantonal (2026)"
informe_base82.csv,IVDAC_2022,IVDAC,0–1,2022,"PNUD Costa Rica, Atlas de Desarrollo Humano Cantonal (2026)"
informe_base82.csv,ICC_2023,Índice de Competitividad Cantonal (general),0–100,2023,"Escuela de Economía, UCR (ICC)"
informe_base82.csv,UJ_por_1000hab_2022_pob2023,UJ 2022 por 1.000 hab. con población 2023 (sensibilidad),UJ/1.000 hab.,2022,"Banco Central de Costa Rica (BCCR) / Escuela de Economía, UCR (ICC)"
informe_base82.csv,Pilar_Economico,Pilar Económico del ICC,0–100,2024,"Escuela de Economía, UCR (ICC)"
informe_base82.csv,Pilar_Gobierno,Pilar Gobierno del ICC,0–100,2024,"Escuela de Economía, UCR (ICC)"
informe_base82.csv,Pilar_Empresarial,Pilar Empresarial del ICC,0–100,2024,"Escuela de Economía, UCR (ICC)"
informe_base82.csv,Pilar_Infraestructura,Pilar Infraestructura del ICC,0–100,2024,"Escuela de Economía, UCR (ICC)"
informe_base82.csv,Pilar_Laboral,Pilar Laboral del ICC,0–100,2024,"Escuela de Economía, UCR (ICC)"
informe_base82.csv,Pilar_Innovacion,Pilar Innovación del ICC,0–100,2024,"Escuela de Economía, UCR (ICC)"
informe_base82.csv,Pilar_CalidadVida,Pilar Calidad de vida del ICC,0–100,2024,"Escuela de Economía, UCR (ICC)"
informe_base82.csv,Red_vial_pavimentada_pct,"Indicador de infraestructura del ICC: Red vial cantonal pavimentada. Puntaje normalizado, no medida física (ver informe, sección 5.2)",puntaje 0–100,2024,"Escuela de Economía, UCR (ICC)"
informe_base82.csv,Cobertura_movil_pct,"Indicador de infraestructura del ICC: Cobertura de redes móviles. Puntaje normalizado, no medida física (ver informe, sección 5.2)",puntaje 0–100,2024,"Escuela de Economía, UCR (ICC)"
informe_base82.csv,Velocidad_movil_pct,"Indicador de infraestructura del ICC: Velocidad de redes móviles. Puntaje normalizado, no medida física (ver informe, sección 5.2)",puntaje 0–100,2024,"Escuela de Economía, UCR (ICC)"
informe_base82.csv,Llamadas_completadas_pct,"Indicador de infraestructura del ICC: Llamadas completadas (redes móviles). Puntaje normalizado, no medida física (ver informe, sección 5.2)",puntaje 0–100,2024,"Escuela de Economía, UCR (ICC)"
informe_base82.csv,Internet_hogares_pct,"Indicador de infraestructura del ICC: Viviendas con Internet (ENAHO). Puntaje normalizado, no medida física (ver informe, sección 5.2)",puntaje 0–100,2024,"Escuela de Economía, UCR (ICC)"
informe_base82.csv,Entidades_financieras_xkm2,"Indicador de infraestructura del ICC: Sucursales financieras por km². Puntaje normalizado, no medida física (ver informe, sección 5.2)",puntaje 0–100,2024,"Escuela de Economía, UCR (ICC)"
informe_base82.csv,Log_viviendas_electricidad_xkm2,"Indicador de infraestructura del ICC: Viviendas con electricidad por km² (escala logarítmica). Puntaje normalizado, no medida física (ver informe, sección 5.2)",puntaje 0–100,2024,"Escuela de Economía, UCR (ICC)"
informe_base82.csv,Log_gasto_vial_xkmrvc,"Indicador de infraestructura del ICC: Gasto municipal vial por km de red (escala logarítmica). Puntaje normalizado, no medida física (ver informe, sección 5.2)",puntaje 0–100,2024,"Escuela de Economía, UCR (ICC)"
informe_base82.csv,IVDAC_oferta_trafico,Componente del IVDAC: oferta y tráfico,0–1,2024,"PNUD Costa Rica, Atlas de Desarrollo Humano Cantonal (2026)"
informe_base82.csv,IVDAC_demanda,Componente del IVDAC: demanda,0–1,2024,"PNUD Costa Rica, Atlas de Desarrollo Humano Cantonal (2026)"
informe_base82.csv,IVDAC_manifestacion_violencia,Componente del IVDAC: manifestación de violencia,0–1,2024,"PNUD Costa Rica, Atlas de Desarrollo Humano Cantonal (2026)"
informe_base82.csv,IVDAC_institucional,Componente del IVDAC: institucional,0–1,2024,"PNUD Costa Rica, Atlas de Desarrollo Humano Cantonal (2026)"
informe_base82.csv,region_bccr,Región de planificación (BCCR),texto,—,Banco Central de Costa Rica (BCCR)
informe_base82.csv,densidad_pob_2024,Densidad poblacional,hab/km²,2024,Derivada: población 2024 ÷ área
informe_base82.csv,ln_densidad_pob_2024,Logaritmo natural de la densidad poblacional,ln,2024,Derivada
informe_base82.csv,ln_area,Logaritmo natural del área,ln,—,Derivada
informe_base82.csv,ln_pob_2024,Logaritmo natural de la población 2024,ln,2024,Derivada
informe_base82_con_ejes.csv,cod_canton,Código cantonal de 3 dígitos (PDD: provincia + 2 dígitos de cantón),texto/entero,—,"Registro Nacional–IGN, DTA 2026"
informe_base82_con_ejes.csv,provincia,Provincia,texto,—,"Registro Nacional–IGN, DTA 2026"
informe_base82_con_ejes.csv,canton,Cantón,texto,—,"Registro Nacional–IGN, DTA 2026"
informe_base82_con_ejes.csv,area_km2,Área cantonal,km²,2026,"Registro Nacional–IGN, DTA 2026"
informe_base82_con_ejes.csv,IDH_2024,Índice de Desarrollo Humano cantonal,0–1,2024,"PNUD Costa Rica, Atlas de Desarrollo Humano Cantonal (2026)"
informe_base82_con_ejes.csv,ISC_2025,Índice de Seguridad Ciudadana (valores altos = mejor seguridad; dato preliminar 2025),0–1,2025,"PNUD Costa Rica, Atlas de Desarrollo Humano Cantonal (2026)"
informe_base82_con_ejes.csv,IPM_2024,Índice de Pobreza Multidimensional (corte único),0–1,2024,"PNUD Costa Rica, Atlas de Desarrollo Humano Cantonal (2026)"
informe_base82_con_ejes.csv,IVDAC_2024,Índice de Vulnerabilidad a Drogas y Actividades Conexas,0–1,2024,"PNUD Costa Rica, Atlas de Desarrollo Humano Cantonal (2026)"
informe_base82_con_ejes.csv,ICC_2024,Índice de Competitividad Cantonal (general),0–100,2024,"Escuela de Economía, UCR (ICC)"
informe_base82_con_ejes.csv,pob_2024,Población 2024 (variable del ICC),personas,2024,"Escuela de Economía, UCR (ICC)"
informe_base82_con_ejes.csv,pob_2023,Población 2023 (variable del ICC),personas,2023,"Escuela de Economía, UCR (ICC)"
informe_base82_con_ejes.csv,pea_2024,Población económicamente activa,personas,2024,"Escuela de Economía, UCR (ICC)"
informe_base82_con_ejes.csv,PIB_2022_mill_crc,PIB cantonal,millones de colones corrientes,2022,Banco Central de Costa Rica (BCCR)
informe_base82_con_ejes.csv,UJ_total_2024,Unidades jurídicas (todas las categorías; excluye código 999 «sin distribuir»),unidades,2024,Banco Central de Costa Rica (BCCR) (REVEC)
informe_base82_con_ejes.csv,UJ_total_2022,Unidades jurídicas (excluye 999),unidades,2022,Banco Central de Costa Rica (BCCR) (REVEC)
informe_base82_con_ejes.csv,PIB_percapita_2022,PIB cantonal ÷ población 2024,millones de colones por habitante,2022,"Banco Central de Costa Rica (BCCR) / Escuela de Economía, UCR (ICC)"
informe_base82_con_ejes.csv,UJ_por_1000hab_2024,Unidades jurídicas por 1.000 habitantes (población 2024),UJ/1.000 hab.,2024,"Banco Central de Costa Rica (BCCR) / Escuela de Economía, UCR (ICC)"
informe_base82_con_ejes.csv,PIB_percapita_2022_pob2023,PIB 2022 ÷ población 2023 (escenario de sensibilidad B),millones de colones por habitante,2022,"Banco Central de Costa Rica (BCCR) / Escuela de Economía, UCR (ICC)"
informe_base82_con_ejes.csv,UJ_por_1000hab_2024_pob2023,UJ 2024 por 1.000 hab. con población 2023 (sensibilidad),UJ/1.000 hab.,2024,"Banco Central de Costa Rica (BCCR) / Escuela de Economía, UCR (ICC)"
informe_base82_con_ejes.csv,IDH_2022,IDH,0–1,2022,"PNUD Costa Rica, Atlas de Desarrollo Humano Cantonal (2026)"
informe_base82_con_ejes.csv,ISC_2022,Índice de Seguridad Ciudadana,0–1,2022,"PNUD Costa Rica, Atlas de Desarrollo Humano Cantonal (2026)"
informe_base82_con_ejes.csv,IVDAC_2022,IVDAC,0–1,2022,"PNUD Costa Rica, Atlas de Desarrollo Humano Cantonal (2026)"
informe_base82_con_ejes.csv,ICC_2023,Índice de Competitividad Cantonal (general),0–100,2023,"Escuela de Economía, UCR (ICC)"
informe_base82_con_ejes.csv,UJ_por_1000hab_2022_pob2023,UJ 2022 por 1.000 hab. con población 2023 (sensibilidad),UJ/1.000 hab.,2022,"Banco Central de Costa Rica (BCCR) / Escuela de Economía, UCR (ICC)"
informe_base82_con_ejes.csv,Pilar_Economico,Pilar Económico del ICC,0–100,2024,"Escuela de Economía, UCR (ICC)"
informe_base82_con_ejes.csv,Pilar_Gobierno,Pilar Gobierno del ICC,0–100,2024,"Escuela de Economía, UCR (ICC)"
informe_base82_con_ejes.csv,Pilar_Empresarial,Pilar Empresarial del ICC,0–100,2024,"Escuela de Economía, UCR (ICC)"
informe_base82_con_ejes.csv,Pilar_Infraestructura,Pilar Infraestructura del ICC,0–100,2024,"Escuela de Economía, UCR (ICC)"
informe_base82_con_ejes.csv,Pilar_Laboral,Pilar Laboral del ICC,0–100,2024,"Escuela de Economía, UCR (ICC)"
informe_base82_con_ejes.csv,Pilar_Innovacion,Pilar Innovación del ICC,0–100,2024,"Escuela de Economía, UCR (ICC)"
informe_base82_con_ejes.csv,Pilar_CalidadVida,Pilar Calidad de vida del ICC,0–100,2024,"Escuela de Economía, UCR (ICC)"
informe_base82_con_ejes.csv,Red_vial_pavimentada_pct,"Indicador de infraestructura del ICC: Red vial cantonal pavimentada. Puntaje normalizado, no medida física (ver informe, sección 5.2)",puntaje 0–100,2024,"Escuela de Economía, UCR (ICC)"
informe_base82_con_ejes.csv,Cobertura_movil_pct,"Indicador de infraestructura del ICC: Cobertura de redes móviles. Puntaje normalizado, no medida física (ver informe, sección 5.2)",puntaje 0–100,2024,"Escuela de Economía, UCR (ICC)"
informe_base82_con_ejes.csv,Velocidad_movil_pct,"Indicador de infraestructura del ICC: Velocidad de redes móviles. Puntaje normalizado, no medida física (ver informe, sección 5.2)",puntaje 0–100,2024,"Escuela de Economía, UCR (ICC)"
informe_base82_con_ejes.csv,Llamadas_completadas_pct,"Indicador de infraestructura del ICC: Llamadas completadas (redes móviles). Puntaje normalizado, no medida física (ver informe, sección 5.2)",puntaje 0–100,2024,"Escuela de Economía, UCR (ICC)"
informe_base82_con_ejes.csv,Internet_hogares_pct,"Indicador de infraestructura del ICC: Viviendas con Internet (ENAHO). Puntaje normalizado, no medida física (ver informe, sección 5.2)",puntaje 0–100,2024,"Escuela de Economía, UCR (ICC)"
informe_base82_con_ejes.csv,Entidades_financieras_xkm2,"Indicador de infraestructura del ICC: Sucursales financieras por km². Puntaje normalizado, no medida física (ver informe, sección 5.2)",puntaje 0–100,2024,"Escuela de Economía, UCR (ICC)"
informe_base82_con_ejes.csv,Log_viviendas_electricidad_xkm2,"Indicador de infraestructura del ICC: Viviendas con electricidad por km² (escala logarítmica). Puntaje normalizado, no medida física (ver informe, sección 5.2)",puntaje 0–100,2024,"Escuela de Economía, UCR (ICC)"
informe_base82_con_ejes.csv,Log_gasto_vial_xkmrvc,"Indicador de infraestructura del ICC: Gasto municipal vial por km de red (escala logarítmica). Puntaje normalizado, no medida física (ver informe, sección 5.2)",puntaje 0–100,2024,"Escuela de Economía, UCR (ICC)"
informe_base82_con_ejes.csv,IVDAC_oferta_trafico,Componente del IVDAC: oferta y tráfico,0–1,2024,"PNUD Costa Rica, Atlas de Desarrollo Humano Cantonal (2026)"
informe_base82_con_ejes.csv,IVDAC_demanda,Componente del IVDAC: demanda,0–1,2024,"PNUD Costa Rica, Atlas de Desarrollo Humano Cantonal (2026)"
informe_base82_con_ejes.csv,IVDAC_manifestacion_violencia,Componente del IVDAC: manifestación de violencia,0–1,2024,"PNUD Costa Rica, Atlas de Desarrollo Humano Cantonal (2026)"
informe_base82_con_ejes.csv,IVDAC_institucional,Componente del IVDAC: institucional,0–1,2024,"PNUD Costa Rica, Atlas de Desarrollo Humano Cantonal (2026)"
informe_base82_con_ejes.csv,region_bccr,Región de planificación (BCCR),texto,—,Banco Central de Costa Rica (BCCR)
informe_base82_con_ejes.csv,densidad_pob_2024,Densidad poblacional,hab/km²,2024,Derivada: población 2024 ÷ área
informe_base82_con_ejes.csv,ln_densidad_pob_2024,Logaritmo natural de la densidad poblacional,ln,2024,Derivada
informe_base82_con_ejes.csv,ln_area,Logaritmo natural del área,ln,—,Derivada
informe_base82_con_ejes.csv,ln_pob_2024,Logaritmo natural de la población 2024,ln,2024,Derivada
informe_base82_con_ejes.csv,E,"Puntaje rotado (varimax) del eje económico-empresarial, estandarizado",DE,—,"Derivada (informe v3, scripts 02 y 04)"
informe_base82_con_ejes.csv,S,Puntaje rotado (varimax) del eje de seguridad ciudadana (valores altos = mejor seguridad),DE,—,"Derivada (informe v3, scripts 02 y 04)"
informe_base82_con_ejes.csv,q_rot,Cuadrante con puntajes rotados (Q1: E+/S+; Q2: E−/S+; Q3: E−/S−; Q4: E+/S−; relativo al promedio de los 82 cantones),categoría,—,"Derivada (informe v3, scripts 02 y 04)"
informe_base82_con_ejes.csv,q_orig,Cuadrante con puntajes sin rotar (versión 2),categoría,—,"Derivada (informe v3, scripts 02 y 04)"
informe_base82_con_ejes.csv,E_L1,Eje económico recalculado excluyendo un dominio (sin ICC),DE,—,"Derivada (informe v3, scripts 02 y 04)"
informe_base82_con_ejes.csv,S_L1,Eje de seguridad recalculado (sin ICC),DE,—,"Derivada (informe v3, scripts 02 y 04)"
informe_base82_con_ejes.csv,q_L1,Cuadrante del escenario sin ICC,categoría,—,"Derivada (informe v3, scripts 02 y 04)"
informe_base82_con_ejes.csv,E_L2,Eje económico recalculado excluyendo un dominio (sin IVDAC),DE,—,"Derivada (informe v3, scripts 02 y 04)"
informe_base82_con_ejes.csv,S_L2,Eje de seguridad recalculado (sin IVDAC),DE,—,"Derivada (informe v3, scripts 02 y 04)"
informe_base82_con_ejes.csv,q_L2,Cuadrante del escenario sin IVDAC,categoría,—,"Derivada (informe v3, scripts 02 y 04)"
informe_base82_con_ejes.csv,E_L3,Eje económico recalculado excluyendo un dominio (sin ISC),DE,—,"Derivada (informe v3, scripts 02 y 04)"
informe_base82_con_ejes.csv,S_L3,Eje de seguridad recalculado (sin ISC),DE,—,"Derivada (informe v3, scripts 02 y 04)"
informe_base82_con_ejes.csv,q_L3,Cuadrante del escenario sin ISC,categoría,—,"Derivada (informe v3, scripts 02 y 04)"
informe_base82_con_ejes.csv,Q3_rot,Indicadora: cuadrante Q3 con puntajes rotados,0/1,—,"Derivada (informe v3, scripts 02 y 04)"
informe_base82_con_ejes.csv,Q3_orig,Indicadora: Q3 sin rotar,0/1,—,"Derivada (informe v3, scripts 02 y 04)"
informe_base82_con_ejes.csv,Q3_L1,Indicadora: Q3 en el escenario sin ICC,0/1,—,"Derivada (informe v3, scripts 02 y 04)"
informe_base84_completa.csv,cod_canton,Código cantonal de 3 dígitos (PDD: provincia + 2 dígitos de cantón),texto/entero,—,"Registro Nacional–IGN, DTA 2026"
informe_base84_completa.csv,provincia,Provincia,texto,—,"Registro Nacional–IGN, DTA 2026"
informe_base84_completa.csv,canton,Cantón,texto,—,"Registro Nacional–IGN, DTA 2026"
informe_base84_completa.csv,area_km2,Área cantonal,km²,2026,"Registro Nacional–IGN, DTA 2026"
informe_base84_completa.csv,IDH_2024,Índice de Desarrollo Humano cantonal,0–1,2024,"PNUD Costa Rica, Atlas de Desarrollo Humano Cantonal (2026)"
informe_base84_completa.csv,ISC_2025,Índice de Seguridad Ciudadana (valores altos = mejor seguridad; dato preliminar 2025),0–1,2025,"PNUD Costa Rica, Atlas de Desarrollo Humano Cantonal (2026)"
informe_base84_completa.csv,IPM_2024,Índice de Pobreza Multidimensional (corte único),0–1,2024,"PNUD Costa Rica, Atlas de Desarrollo Humano Cantonal (2026)"
informe_base84_completa.csv,IVDAC_2024,Índice de Vulnerabilidad a Drogas y Actividades Conexas,0–1,2024,"PNUD Costa Rica, Atlas de Desarrollo Humano Cantonal (2026)"
informe_base84_completa.csv,ICC_2024,Índice de Competitividad Cantonal (general),0–100,2024,"Escuela de Economía, UCR (ICC)"
informe_base84_completa.csv,pob_2024,Población 2024 (variable del ICC),personas,2024,"Escuela de Economía, UCR (ICC)"
informe_base84_completa.csv,pob_2023,Población 2023 (variable del ICC),personas,2023,"Escuela de Economía, UCR (ICC)"
informe_base84_completa.csv,pea_2024,Población económicamente activa,personas,2024,"Escuela de Economía, UCR (ICC)"
informe_base84_completa.csv,PIB_2022_mill_crc,PIB cantonal,millones de colones corrientes,2022,Banco Central de Costa Rica (BCCR)
informe_base84_completa.csv,UJ_total_2024,Unidades jurídicas (todas las categorías; excluye código 999 «sin distribuir»),unidades,2024,Banco Central de Costa Rica (BCCR) (REVEC)
informe_base84_completa.csv,UJ_total_2022,Unidades jurídicas (excluye 999),unidades,2022,Banco Central de Costa Rica (BCCR) (REVEC)
informe_base84_completa.csv,PIB_percapita_2022,PIB cantonal ÷ población 2024,millones de colones por habitante,2022,"Banco Central de Costa Rica (BCCR) / Escuela de Economía, UCR (ICC)"
informe_base84_completa.csv,UJ_por_1000hab_2024,Unidades jurídicas por 1.000 habitantes (población 2024),UJ/1.000 hab.,2024,"Banco Central de Costa Rica (BCCR) / Escuela de Economía, UCR (ICC)"
informe_base84_completa.csv,PIB_percapita_2022_pob2023,PIB 2022 ÷ población 2023 (escenario de sensibilidad B),millones de colones por habitante,2022,"Banco Central de Costa Rica (BCCR) / Escuela de Economía, UCR (ICC)"
informe_base84_completa.csv,UJ_por_1000hab_2024_pob2023,UJ 2024 por 1.000 hab. con población 2023 (sensibilidad),UJ/1.000 hab.,2024,"Banco Central de Costa Rica (BCCR) / Escuela de Economía, UCR (ICC)"
informe_base84_completa.csv,IDH_2022,IDH,0–1,2022,"PNUD Costa Rica, Atlas de Desarrollo Humano Cantonal (2026)"
informe_base84_completa.csv,ISC_2022,Índice de Seguridad Ciudadana,0–1,2022,"PNUD Costa Rica, Atlas de Desarrollo Humano Cantonal (2026)"
informe_base84_completa.csv,IVDAC_2022,IVDAC,0–1,2022,"PNUD Costa Rica, Atlas de Desarrollo Humano Cantonal (2026)"
informe_base84_completa.csv,ICC_2023,Índice de Competitividad Cantonal (general),0–100,2023,"Escuela de Economía, UCR (ICC)"
informe_base84_completa.csv,UJ_por_1000hab_2022_pob2023,UJ 2022 por 1.000 hab. con población 2023 (sensibilidad),UJ/1.000 hab.,2022,"Banco Central de Costa Rica (BCCR) / Escuela de Economía, UCR (ICC)"
informe_clusters.csv,cod_canton,Código cantonal de 3 dígitos (PDD: provincia + 2 dígitos de cantón),texto/entero,—,"Registro Nacional–IGN, DTA 2026"
informe_clusters.csv,canton,Cantón,texto,—,"Registro Nacional–IGN, DTA 2026"
informe_clusters.csv,cluster_kmeans4,Conglomerado K-means (k=4),entero,—,"Derivada (informe v3, scripts 02 y 04)"
informe_clusters.csv,cluster_jerarquico_gower4,Conglomerado jerárquico con distancia de Gower (4 grupos),entero,—,"Derivada (informe v3, scripts 02 y 04)"
informe_cuadrantes_rotados.csv,cod_canton,Código cantonal de 3 dígitos (PDD: provincia + 2 dígitos de cantón),texto/entero,—,"Registro Nacional–IGN, DTA 2026"
informe_cuadrantes_rotados.csv,canton,Cantón,texto,—,"Registro Nacional–IGN, DTA 2026"
informe_cuadrantes_rotados.csv,provincia,Provincia,texto,—,"Registro Nacional–IGN, DTA 2026"
informe_cuadrantes_rotados.csv,region_bccr,Región de planificación (BCCR),texto,—,Banco Central de Costa Rica (BCCR)
informe_cuadrantes_rotados.csv,E_rot,Puntaje rotado del eje económico-empresarial,DE,—,"Derivada (informe v3, scripts 02 y 04)"
informe_cuadrantes_rotados.csv,S_rot,Puntaje rotado del eje de seguridad,DE,—,"Derivada (informe v3, scripts 02 y 04)"
informe_cuadrantes_rotados.csv,C1_sin_rotar_std,Puntaje estandarizado del componente 1 sin rotar (versión 2 del informe),DE,—,"Derivada (informe v3, scripts 02 y 04)"
informe_cuadrantes_rotados.csv,C2_sin_rotar_std,Puntaje estandarizado del componente 2 sin rotar,DE,—,"Derivada (informe v3, scripts 02 y 04)"
informe_cuadrantes_rotados.csv,cuadrante_original,Cuadrante con puntajes sin rotar (versión 2),categoría,—,"Derivada (informe v3, scripts 02 y 04)"
informe_cuadrantes_rotados.csv,cuadrante_rotado,Cuadrante con puntajes rotados (ver q_rot),categoría,—,"Derivada (informe v3, scripts 02 y 04)"
informe_cuadrantes_rotados.csv,cambia,Indica si el cantón cambia de cuadrante al rotar,Sí/No,—,"Derivada (informe v3, scripts 02 y 04)"
informe_ds2_n82_cuadrantes_originales_v2.csv,cod_canton,Código cantonal de 3 dígitos (PDD: provincia + 2 dígitos de cantón),texto/entero,—,"Registro Nacional–IGN, DTA 2026"
informe_ds2_n82_cuadrantes_originales_v2.csv,canton,Cantón,texto,—,"Registro Nacional–IGN, DTA 2026"
informe_ds2_n82_cuadrantes_originales_v2.csv,provincia,Provincia,texto,—,"Registro Nacional–IGN, DTA 2026"
informe_ds2_n82_cuadrantes_originales_v2.csv,PC1,Componente principal 1 (versión 2),DE,—,Informe v2
informe_ds2_n82_cuadrantes_originales_v2.csv,PC2,Componente principal 2 (versión 2),DE,—,Informe v2
informe_ds2_n82_cuadrantes_originales_v2.csv,cuadrante,Cuadrante de la versión 2 del informe (puntajes sin rotar),categoría,—,Informe v2
informe_ds2_n82_cuadrantes_originales_v2.csv,cluster_kmeans4,Conglomerado K-means (k=4),entero,—,"Derivada (informe v3, scripts 02 y 04)"
informe_ds2_n82_cuadrantes_originales_v2.csv,IDH_2024,Índice de Desarrollo Humano cantonal,0–1,2024,"PNUD Costa Rica, Atlas de Desarrollo Humano Cantonal (2026)"
informe_ds2_n82_cuadrantes_originales_v2.csv,ICC_2024,Índice de Competitividad Cantonal (general),0–100,2024,"Escuela de Economía, UCR (ICC)"
informe_ds2_n82_cuadrantes_originales_v2.csv,PIB_percapita_2022,PIB cantonal ÷ población 2024,millones de colones por habitante,2022,"Banco Central de Costa Rica (BCCR) / Escuela de Economía, UCR (ICC)"
informe_ds2_n82_cuadrantes_originales_v2.csv,UJ_por_1000hab_2024,Unidades jurídicas por 1.000 habitantes (población 2024),UJ/1.000 hab.,2024,"Banco Central de Costa Rica (BCCR) / Escuela de Economía, UCR (ICC)"
informe_ds2_n82_cuadrantes_originales_v2.csv,ISC_2025,Índice de Seguridad Ciudadana (valores altos = mejor seguridad; dato preliminar 2025),0–1,2025,"PNUD Costa Rica, Atlas de Desarrollo Humano Cantonal (2026)"
informe_ds2_n82_cuadrantes_originales_v2.csv,IPM_2024,Índice de Pobreza Multidimensional (corte único),0–1,2024,"PNUD Costa Rica, Atlas de Desarrollo Humano Cantonal (2026)"
informe_ds2_n82_cuadrantes_originales_v2.csv,IVDAC_2024,Índice de Vulnerabilidad a Drogas y Actividades Conexas,0–1,2024,"PNUD Costa Rica, Atlas de Desarrollo Humano Cantonal (2026)"
informe_ds2_n82_cuadrantes_originales_v2.csv,Pilar_CalidadVida,Pilar Calidad de vida del ICC,0–100,2024,"Escuela de Economía, UCR (ICC)"
informe_ds2_n82_cuadrantes_originales_v2.csv,Pilar_Economico,Pilar Económico del ICC,0–100,2024,"Escuela de Economía, UCR (ICC)"
informe_ds2_n82_cuadrantes_originales_v2.csv,Pilar_Empresarial,Pilar Empresarial del ICC,0–100,2024,"Escuela de Economía, UCR (ICC)"
informe_ds2_n82_cuadrantes_originales_v2.csv,Pilar_Gobierno,Pilar Gobierno del ICC,0–100,2024,"Escuela de Economía, UCR (ICC)"
informe_ds2_n82_cuadrantes_originales_v2.csv,Pilar_Infraestructura,Pilar Infraestructura del ICC,0–100,2024,"Escuela de Economía, UCR (ICC)"
informe_ds2_n82_cuadrantes_originales_v2.csv,Pilar_Innovacion,Pilar Innovación del ICC,0–100,2024,"Escuela de Economía, UCR (ICC)"
informe_ds2_n82_cuadrantes_originales_v2.csv,Pilar_Laboral,Pilar Laboral del ICC,0–100,2024,"Escuela de Economía, UCR (ICC)"
informe_ds2_n82_cuadrantes_originales_v2.csv,Internet_hogares_pct,"Indicador de infraestructura del ICC: Viviendas con Internet (ENAHO). Puntaje normalizado, no medida física (ver informe, sección 5.2)",puntaje 0–100,2024,"Escuela de Economía, UCR (ICC)"
informe_ds2_n82_cuadrantes_originales_v2.csv,Entidades_financieras_xkm2,"Indicador de infraestructura del ICC: Sucursales financieras por km². Puntaje normalizado, no medida física (ver informe, sección 5.2)",puntaje 0–100,2024,"Escuela de Economía, UCR (ICC)"
informe_ds2_n82_cuadrantes_originales_v2.csv,Log_gasto_vial_xkmrvc,"Indicador de infraestructura del ICC: Gasto municipal vial por km de red (escala logarítmica). Puntaje normalizado, no medida física (ver informe, sección 5.2)",puntaje 0–100,2024,"Escuela de Economía, UCR (ICC)"
informe_ds2_n82_cuadrantes_originales_v2.csv,Log_viviendas_electricidad_xkm2,"Indicador de infraestructura del ICC: Viviendas con electricidad por km² (escala logarítmica). Puntaje normalizado, no medida física (ver informe, sección 5.2)",puntaje 0–100,2024,"Escuela de Economía, UCR (ICC)"
informe_ds2_n82_cuadrantes_originales_v2.csv,Red_vial_pavimentada_pct,"Indicador de infraestructura del ICC: Red vial cantonal pavimentada. Puntaje normalizado, no medida física (ver informe, sección 5.2)",puntaje 0–100,2024,"Escuela de Economía, UCR (ICC)"
informe_ds2_n82_cuadrantes_originales_v2.csv,Cobertura_movil_pct,"Indicador de infraestructura del ICC: Cobertura de redes móviles. Puntaje normalizado, no medida física (ver informe, sección 5.2)",puntaje 0–100,2024,"Escuela de Economía, UCR (ICC)"
informe_ds2_n82_cuadrantes_originales_v2.csv,Llamadas_completadas_pct,"Indicador de infraestructura del ICC: Llamadas completadas (redes móviles). Puntaje normalizado, no medida física (ver informe, sección 5.2)",puntaje 0–100,2024,"Escuela de Economía, UCR (ICC)"
informe_ds2_n82_cuadrantes_originales_v2.csv,Velocidad_movil_pct,"Indicador de infraestructura del ICC: Velocidad de redes móviles. Puntaje normalizado, no medida física (ver informe, sección 5.2)",puntaje 0–100,2024,"Escuela de Economía, UCR (ICC)"
informe_ds2_n82_cuadrantes_originales_v2.csv,IVDAC_demanda,Componente del IVDAC: demanda,0–1,2024,"PNUD Costa Rica, Atlas de Desarrollo Humano Cantonal (2026)"
informe_ds2_n82_cuadrantes_originales_v2.csv,IVDAC_institucional,Componente del IVDAC: institucional,0–1,2024,"PNUD Costa Rica, Atlas de Desarrollo Humano Cantonal (2026)"
informe_ds2_n82_cuadrantes_originales_v2.csv,IVDAC_manifestacion_violencia,Componente del IVDAC: manifestación de violencia,0–1,2024,"PNUD Costa Rica, Atlas de Desarrollo Humano Cantonal (2026)"
informe_ds2_n82_cuadrantes_originales_v2.csv,IVDAC_oferta_trafico,Componente del IVDAC: oferta y tráfico,0–1,2024,"PNUD Costa Rica, Atlas de Desarrollo Humano Cantonal (2026)"
informe_ds2_n82_cuadrantes_originales_v2.csv,es_Q3,Indicadora: Q3 (versión 2),booleano,—,Informe v2
referencia_cantones_oficiales_2026.csv,provincia,Provincia,texto,—,"Registro Nacional–IGN, DTA 2026"
referencia_cantones_oficiales_2026.csv,cod_canton,Código cantonal de 3 dígitos (PDD: provincia + 2 dígitos de cantón),texto/entero,—,"Registro Nacional–IGN, DTA 2026"
referencia_cantones_oficiales_2026.csv,canton,Cantón,texto,—,"Registro Nacional–IGN, DTA 2026"
referencia_cantones_oficiales_2026.csv,area_km2,Área cantonal,km²,2026,"Registro Nacional–IGN, DTA 2026"
referencia_cantones_oficiales_2026.csv,cod_provincia,Código de provincia (1 = San José … 7 = Limón),entero,—,"Registro Nacional–IGN, DTA 2026"
