especificacion,componente,autovalor,pct_varianza,AP_p95_permutacion,AP_media,AP_p95_normal
ln (principal),1,4.197587134295825,59.965530489940356,1.600741133203754,1.4379876215547172,1.5955460387258291
ln (principal),2,1.3831907287565182,19.759867553664545,1.3544730387944022,1.247796397159844,1.354431472917679
ln (principal),3,0.6306364941347437,9.00909277335348,1.1924529757716655,1.1046439324535122,1.1936185252503586
ln (principal),4,0.2958670756756707,4.226672509652439,1.0557723126112883,0.9831225303800579,1.0586779457799824
ln (principal),5,0.19356021428020537,2.765145918288648,0.946122402973486,0.8655960128680728,0.9482800425945176
ln (principal),6,0.16644150000321223,2.377735714331603,0.8361552029368842,0.7464968065200268,0.8351425554961629
ln (principal),7,0.13271685285382234,1.8959550407688905,0.7122355036478548,0.6143566990637714,0.71776485113221
escala original,1,4.050118680958002,57.85883829940003,1.6019177040390262,1.4366575503598973,1.5955460387258291
escala original,2,1.326490764422669,18.94986806318099,1.3583605178020055,1.2466654349257091,1.354431472917679
escala original,3,0.7304046024170737,10.434351463101054,1.19550872747621,1.105066573771843,1.1936185252503586
escala original,4,0.3586273423579772,5.123247747971103,1.060200467400931,0.9833550133795258,1.0586779457799824
escala original,5,0.2008964719177407,2.869949598824867,0.9472097209871517,0.8669145631115516,0.9482800425945176
escala original,6,0.17329305979636017,2.4756151399480024,0.8357557114257262,0.7476524631456326,0.8351425554961629
escala original,7,0.160169078130177,2.288129687573957,0.717755935443709,0.6136884013058441,0.71776485113221
