variable,min,max
IDH_2024,0.627125103234115,0.91395057800921
ICC_2024,30.3142890930176,73.4033889770508
PIB_percapita_2022,2.0537197348198637,75.94966742555934
UJ_por_1000hab_2024,14.506064873952969,178.51060974777366
ISC_2025,0.601627980246909,0.985500593253843
IPM_2024,0.0135640163083291,0.188179463310223
IVDAC_2024,0.209200833462744,0.717991900523218
Red_vial_pavimentada_pct,0.0,100.0
Cobertura_movil_pct,0.0,100.0
Velocidad_movil_pct,0.0,100.0
Llamadas_completadas_pct,1.35587579279672e-05,100.000038146973
Internet_hogares_pct,0.0,100.0
Entidades_financieras_xkm2,0.0049999998882412,100.0
Log_viviendas_electricidad_xkm2,0.0,100.0
Log_gasto_vial_xkmrvc,5.41499048267724e-07,99.9999771118164
Pilar_Economico,13.8451976776123,99.8423843383789
Pilar_Gobierno,24.0748481750488,75.2723922729492
Pilar_Empresarial,2.84511876106262,67.3998107910156
Pilar_Infraestructura,19.2321147918701,84.989143371582
Pilar_Laboral,23.1618785858154,76.6398620605469
Pilar_Innovacion,6.66848945617676,85.848388671875
Pilar_CalidadVida,39.2831573486328,81.9919128417969
IVDAC_oferta_trafico,0.012613095527226,1.0
IVDAC_demanda,0.15894628304745,1.0
IVDAC_manifestacion_violencia,0.0,1.0
IVDAC_institucional,0.1,0.9
pob_2024,7148.57248341905,352298.484914735
area_km2,6.75,3352.15
