var1,var2,r_pearson,ic_lo,ic_hi,p_pearson,rho_spearman,rho_lo,rho_hi,p_spearman,r_pearson_logPIB,fisher_lo,fisher_hi,q_fdr_pearson,q_fdr_spearman,umbral_0_30,signif_q05
ISC (2025),IVDAC (2024),-0.7781572285611181,-0.8576306422956331,-0.6624265665115912,7.856013269863892e-18,-0.7178524395685724,-0.8224121097002177,-0.5706813470695047,3.2109924592336894e-14,-0.7781572285611181,-0.8513943804508549,-0.6751595326078808,1.6497627866714175e-16,1.6857710410976869e-13,Sí,Sí
IDH (2024),ICC (2024),0.7719311881239324,0.6707753200771291,0.8451816355497869,2.0818384487955267e-17,0.7509822487783112,0.625116095093975,0.836093119331413,4.465657584179962e-16,0.7719311881239324,0.6665848636470562,0.8470469467331284,2.185930371235303e-16,4.68894046338896e-15,Sí,Sí
ICC (2024),UJ por 1.000 hab. (2024),0.7563289227953397,0.6227339984910393,0.8394042092951628,2.1030158077086356e-16,0.6704432907782893,0.49397741876630386,0.8010433025120351,5.583229314706788e-12,0.7563289227953397,0.6452187823417328,0.8361080808264169,1.472111065396045e-15,1.9541302601473755e-11,Sí,Sí
IDH (2024),IPM (2024),-0.7096256319336235,-0.7869980389449619,-0.6492487942386441,8.45870429440352e-14,-0.8360270349691449,-0.892764802164419,-0.741505072659628,1.4812132676898868e-22,-0.7096256319336235,-0.802980400528943,-0.5822844457454681,4.440819754561848e-13,3.1105478621487622e-21,Sí,Sí
IDH (2024),UJ por 1.000 hab. (2024),0.6703391253817605,0.5425686210666516,0.7676654594504178,5.6410010514639e-12,0.6491113505512566,0.47616309794628836,0.7864972739072856,4.2314776637502435e-11,0.6703391253817605,0.5305005617755522,0.774659635314747,2.3692204416148382e-11,1.269443299125073e-10,Sí,Sí
PIB per cápita (2022),UJ por 1.000 hab. (2024),0.6609830308032252,0.5822337970760573,0.8737112587690905,1.3987172636091857e-11,0.6969123104885667,0.5353563803281367,0.8085808529627214,3.544258095467774e-13,0.795696257154325,0.5183201927519991,0.7678527710930023,4.89551042263215e-11,1.488588400096465e-12,Sí,Sí
ICC (2024),PIB per cápita (2022),0.6443372818895077,0.5738746378222994,0.7697581941386756,6.515123987057703e-11,0.6071875578193533,0.41765540026324793,0.7491458779183513,1.4693928573788797e-09,0.7671395986211401,0.49679183779313246,0.7556824935775781,1.7390155803404887e-10,3.428583333884052e-09,Sí,Sí
ICC (2024),IPM (2024),-0.6441508822524087,-0.7403192292724865,-0.5424516492241985,6.624821258439957e-11,-0.7466287915891207,-0.8341715961101862,-0.6212124472664747,8.130895920245281e-16,-0.6441508822524087,-0.7555457736579954,-0.4965517862644429,1.7390155803404887e-10,5.691627144171697e-15,Sí,Sí
IDH (2024),ISC (2025),0.5410781444105668,0.41862641691030394,0.6564720861286193,1.5357796253100834e-07,0.5821987135534006,0.42943107219707705,0.6980612440782997,9.625175489583213e-09,0.5410781444105668,0.36718158285242775,0.6784281629640706,3.5834857923901947e-07,2.021286852812475e-08,Sí,Sí
IDH (2024),IVDAC (2024),-0.5347280732661682,-0.6671650263320982,-0.3812387574977816,2.2807170967316925e-07,-0.5596478053133945,-0.6981712958129762,-0.3857780714033725,4.605229288521984e-08,-0.5347280732661682,-0.6735760392129431,-0.359425491203707,4.789505903136554e-07,8.059151254913473e-08,Sí,Sí
IDH (2024),PIB per cápita (2022),0.4942249432082313,0.40151178524892894,0.6392065951174838,2.3710977359255804e-06,0.5276934295447373,0.34237734009659504,0.674441525840022,3.5015799722261793e-07,0.60968312392035,0.31051767293906357,0.6423431832807248,4.526641132221562e-06,5.252369958339269e-07,Sí,Sí
ISC (2025),IPM (2024),-0.4708660392745262,-0.5809281252211759,-0.36892742988120847,8.030210718023933e-06,-0.6172222766404372,-0.7195348035795286,-0.4801651421371016,6.592121439952474e-10,-0.4708660392745262,-0.624104129254755,-0.2827470203388987,1.4052868756541883e-05,1.7304318779875243e-09,Sí,Sí
UJ por 1.000 hab. (2024),IPM (2024),-0.4213229804670563,-0.5514009556479952,-0.2892401672719976,8.086331145948588e-05,-0.5371839662171722,-0.6927662141647327,-0.3486976089971997,1.9591510521022712e-07,-0.4213229804670563,-0.5848592800555115,-0.22487246905239075,0.00013062534928070794,3.164782468780592e-07,Sí,Sí
UJ por 1.000 hab. (2024),IVDAC (2024),-0.40057574241016813,-0.604425152014913,-0.13432522239046543,0.0001921555051060556,-0.4819385944863465,-0.661683897530261,-0.2726874252905049,4.554635108805127e-06,-0.40057574241016813,-0.5681940015291805,-0.20104112725160164,0.0002882332576590834,6.376489152327178e-06,Sí,Sí
ICC (2024),IVDAC (2024),-0.3586469718181163,-0.5418319001426116,-0.13679937966871167,0.0009375352534735155,-0.4068632252587586,-0.5814806450951621,-0.20603667168368528,0.0001487013855808375,-0.3586469718181163,-0.5340895882270443,-0.15358994101565557,0.0013125493548629215,0.00019517056857484922,Sí,Sí
IPM (2024),IVDAC (2024),0.35650319627856936,0.21294444468257887,0.5420121284285906,0.0010110282281348697,0.5606708677528542,0.3921705410260141,0.691856986575393,4.300291205212585e-08,0.35650319627856936,0.15118895974525876,0.5323303843668434,0.0013269745494270165,8.059151254913473e-08,Sí,Sí
ICC (2024),ISC (2025),0.3165775471299172,0.12530157125727912,0.48002312521450474,0.0037597600585149355,0.33984175183117293,0.14037513149607406,0.5212475793649377,0.001786029521612785,0.3165775471299172,0.10691146374436958,0.49928710753198186,0.004644409484047862,0.0020837011085482493,Sí,Sí
PIB per cápita (2022),IPM (2024),-0.2848158591869669,-0.4095380583989083,-0.22143607509593413,0.009501121009740357,-0.3783263133836158,-0.5573386563556311,-0.16514082248249315,0.0004574456698602556,-0.37615259141737517,-0.4726153556991913,-0.07227186376744187,0.011084641178030418,0.0005650799451214922,No,Sí
PIB per cápita (2022),IVDAC (2024),-0.24080052839731417,-0.39429663616657945,0.018251047907448276,0.02931373963793351,-0.2052110882554609,-0.41633475603064524,0.012098803917947088,0.06438947851573192,-0.21748583500773752,-0.43507602591623074,-0.025101240764774994,0.031013978612766436,0.06760895244151852,No,Sí
UJ por 1.000 hab. (2024),ISC (2025),0.24047896042347566,0.015036692997733515,0.43038804323533686,0.029537122488348985,0.2969166639457559,0.07837529980512353,0.49597038375050717,0.006752803103479487,0.24047896042347566,0.02476011916278097,0.4347992625273483,0.031013978612766436,0.007463624482793117,No,Sí
PIB per cápita (2022),ISC (2025),0.17806169749498527,-0.02921897240824427,0.30879115471726404,0.10949166924695661,0.14972627637922964,-0.06468996853673767,0.35250976482849955,0.17940266724569212,0.13744653404395035,-0.04051483742046185,0.3803745023351818,0.1094916692469566,0.17940266724569212,No,No
