canton,Q1,Q2,Q3,Q4,cuadrante_rotado,prob_cuadrante_asignado
San José,0.0,0.0,0.0,1.0,Q4,1.0
Escazú,0.981,0.0,0.0,0.019,Q1,0.981
Desamparados,0.099,0.9,0.0,0.001,Q2,0.9
Puriscal,0.0,1.0,0.0,0.0,Q2,1.0
Tarrazú,0.002,0.998,0.0,0.0,Q2,0.998
Aserrí,0.0,1.0,0.0,0.0,Q2,1.0
Mora,0.853,0.147,0.0,0.0,Q1,0.853
Goicoechea,0.944,0.056,0.0,0.0,Q1,0.944
Santa Ana,0.787,0.0,0.0,0.213,Q1,0.787
Alajuelita,0.0,0.062,0.938,0.0,Q3,0.938
Vázquez de Coronado,0.147,0.853,0.0,0.0,Q2,0.853
Acosta,0.0,1.0,0.0,0.0,Q2,1.0
Tibás,0.983,0.017,0.0,0.0,Q1,0.983
Moravia,1.0,0.0,0.0,0.0,Q1,1.0
Montes de Oca,0.989,0.0,0.0,0.011,Q1,0.989
Turrubares,0.0,1.0,0.0,0.0,Q2,1.0
Dota,0.008,0.886,0.1,0.006,Q2,0.886
Curridabat,1.0,0.0,0.0,0.0,Q1,1.0
Pérez Zeledón,0.119,0.373,0.374,0.134,Q2,0.373
León Cortés Castro,0.0,0.957,0.043,0.0,Q2,0.957
Alajuela,0.003,0.0,0.0,0.997,Q4,0.997
San Ramón,0.005,0.002,0.115,0.878,Q4,0.878
Grecia,0.932,0.068,0.0,0.0,Q1,0.932
San Mateo,0.0,0.883,0.117,0.0,Q2,0.883
Atenas,0.793,0.207,0.0,0.0,Q1,0.793
Naranjo,0.0,1.0,0.0,0.0,Q2,1.0
Palmares,0.219,0.781,0.0,0.0,Q2,0.781
Poás,0.001,0.999,0.0,0.0,Q2,0.999
Orotina,0.0,0.0,0.445,0.555,Q4,0.555
San Carlos,0.109,0.376,0.405,0.11,Q2,0.376
Zarcero,0.133,0.867,0.0,0.0,Q2,0.867
Sarchí,0.0,1.0,0.0,0.0,Q2,1.0
Upala,0.0,0.448,0.552,0.0,Q3,0.552
Los Chiles,0.0,0.008,0.992,0.0,Q3,0.992
Guatuso,0.0,0.077,0.923,0.0,Q3,0.923
Río Cuarto,0.0,1.0,0.0,0.0,Q2,1.0
Cartago,0.982,0.0,0.0,0.018,Q1,0.982
Paraíso,0.113,0.887,0.0,0.0,Q2,0.887
La Unión,0.996,0.004,0.0,0.0,Q1,0.996
Jiménez,0.0,1.0,0.0,0.0,Q2,1.0
Turrialba,0.0,0.001,0.999,0.0,Q3,0.999
Alvarado,0.052,0.948,0.0,0.0,Q2,0.948
Oreamuno,0.014,0.986,0.0,0.0,Q2,0.986
El Guarco,0.844,0.156,0.0,0.0,Q1,0.844
Heredia,0.096,0.0,0.0,0.904,Q4,0.904
Barva,0.399,0.601,0.0,0.0,Q2,0.601
Santo Domingo,0.999,0.0,0.0,0.001,Q1,0.999
Santa Bárbara,0.071,0.929,0.0,0.0,Q2,0.929
San Rafael,0.748,0.252,0.0,0.0,Q1,0.748
San Isidro,0.839,0.161,0.0,0.0,Q1,0.839
Belén,0.382,0.0,0.0,0.618,Q4,0.618
Flores,0.993,0.0,0.0,0.007,Q1,0.993
San Pablo,0.995,0.005,0.0,0.0,Q1,0.995
Sarapiquí,0.0,0.393,0.607,0.0,Q3,0.607
Liberia,0.0,0.0,0.0,1.0,Q4,1.0
Nicoya,0.0,0.0,0.008,0.992,Q4,0.992
Santa Cruz,0.0,0.0,0.0,1.0,Q4,1.0
Bagaces,0.0,0.005,0.993,0.002,Q3,0.993
Carrillo,0.0,0.0,0.846,0.154,Q3,0.846
Cañas,0.0,0.0,0.988,0.012,Q3,0.988
Abangares,0.0,0.0,0.347,0.653,Q4,0.653
Tilarán,0.185,0.814,0.0,0.001,Q2,0.814
Nandayure,0.0,1.0,0.0,0.0,Q2,1.0
La Cruz,0.0,0.0,1.0,0.0,Q3,1.0
Hojancha,0.014,0.096,0.745,0.145,Q3,0.745
Puntarenas,0.0,0.0,0.31,0.69,Q4,0.69
Esparza,0.002,0.019,0.773,0.206,Q3,0.773
Buenos Aires,0.0,0.079,0.921,0.0,Q3,0.921
Montes de Oro,0.0,1.0,0.0,0.0,Q2,1.0
Osa,0.0,0.0,0.039,0.961,Q4,0.961
Quepos,0.0,0.0,0.011,0.989,Q4,0.989
Golfito,0.0,0.0,1.0,0.0,Q3,1.0
Coto Brus,0.0,0.0,0.978,0.022,Q3,0.978
Parrita,0.0,0.0,0.867,0.133,Q3,0.867
Corredores,0.0,0.0,1.0,0.0,Q3,1.0
Garabito,0.0,0.0,0.0,1.0,Q4,1.0
Limón,0.0,0.0,0.879,0.121,Q3,0.879
Pococí,0.0,0.314,0.686,0.0,Q3,0.686
Siquirres,0.0,0.0,0.971,0.029,Q3,0.971
Talamanca,0.0,0.002,0.998,0.0,Q3,0.998
Matina,0.0,0.0,1.0,0.0,Q3,1.0
Guácimo,0.0,0.004,0.996,0.0,Q3,0.996
