cod_canton,canton,E,S,q_rot,q_orig,E_L1,S_L1,q_L1,E_L2,S_L2,q_L2,E_L3,S_L3,q_L3
101,San José,2.750118001026978,-2.237564175965201,Q4,Q4,2.7268456167109925,-2.0732383910687955,Q4,2.798346308553094,-1.3237108458137479,Q4,3.0543860973128085,-1.4968824366623519,Q4
102,Escazú,2.967634360070724,0.6674697544377933,Q1,Q4,3.0145520344585863,0.7659311213917025,Q1,3.144296096057658,0.5882742481912836,Q1,3.074430697782009,0.8757374529697793,Q1
103,Desamparados,-0.1536629212075659,0.4383684123429501,Q2,Q1,-0.37198320370108445,0.48267878943359405,Q2,-0.47084104719872294,0.9138329228210444,Q2,-0.28055406055377163,0.36497141606537836,Q2
104,Puriscal,-0.6211499370750648,0.8782982031161378,Q2,Q1,-0.5350070248812963,0.8408014186883199,Q2,-0.7611062317216257,0.7757519990375058,Q2,-0.9470445155258066,0.9444098181106667,Q2
105,Tarrazú,-0.5365252244458825,0.7590399368015047,Q2,Q1,-0.19184305566352858,0.6316862011085427,Q2,-0.2232052278812694,-0.003067726365544714,Q3,-0.10612054610200006,-0.1451141387224571,Q3
106,Aserrí,-0.700143209582795,0.6081450254907683,Q2,Q2,-0.6602487010155603,0.5796309582617708,Q2,-0.9331576764610053,0.8105998909649526,Q2,-0.8136546840387756,0.39497544130873313,Q2
107,Mora,0.1497312777471812,0.9810432615758192,Q1,Q1,0.291907361883654,0.9620231880276788,Q1,0.07366387713859004,0.8566630991349139,Q1,-0.14339505021351506,1.1244763737955918,Q2
108,Goicoechea,0.2105519614041687,0.5595146812212656,Q1,Q1,-0.03448873372704228,0.6083616380097043,Q2,0.06587911029928611,0.6953869997323392,Q1,0.0710879939029824,0.584932777035919,Q1
109,Santa Ana,2.4504615983148623,0.2441691933728088,Q1,Q4,2.7459884304825626,0.2934853823013745,Q1,2.5971513883068864,0.23832254479884227,Q1,2.5477760909663707,0.5291205568585978,Q1
110,Alajuelita,-0.7041828435087554,-0.1884550500849422,Q3,Q2,-0.8531424490578912,-0.1788442721147835,Q3,-1.0111195090521592,0.4415193113122401,Q2,-0.47017673605834326,-0.7029773646855592,Q3
111,Vázquez de Coronado,-0.171956673314758,1.1183702038088117,Q2,Q1,-0.065896014685528,1.1038912589129835,Q2,-0.44168299520335774,1.2968421257174727,Q2,-0.5056145446242138,1.1616314354120718,Q2
112,Acosta,-0.9008350662150444,0.7434272855541277,Q2,Q2,-0.7438875259074935,0.6743623025338541,Q2,-1.0277211831851933,0.6932482020415076,Q2,-0.8886803203244237,0.2923571524873437,Q2
113,Tibás,0.3125707450619649,0.7984722097079124,Q1,Q1,-0.06978294089070379,0.8735698086284417,Q2,0.116093771209277,0.9659453093468018,Q1,0.09354155484881113,0.8666369869540596,Q1
114,Moravia,0.7040570764365786,1.0964967113478583,Q1,Q1,0.5231355609293727,1.1593007634186192,Q1,0.5755998340167704,1.0560010755601872,Q1,0.1714673236763712,1.6334109833858677,Q1
115,Montes de Oca,2.194261804511855,0.6133390087086975,Q1,Q4,2.3295272870961123,0.6862005557859123,Q1,2.2129091329991,0.6922276265198312,Q1,2.036944493004345,1.05499851285731,Q1
116,Turrubares,-1.1666907852369734,0.8031107785037367,Q2,Q2,-0.8878097034496784,0.7068957036468296,Q2,-1.4050694742275205,0.9816692691805836,Q2,-1.044095573690902,0.0973371647646549,Q2
117,Dota,-0.3614452762858073,0.2517731035097456,Q2,Q2,-0.06001471017667117,0.15728852296056026,Q2,-0.025958568854813582,-0.48714853084130183,Q3,-0.2301755949844564,-0.0022093842695227028,Q3
118,Curridabat,1.2416008427376657,0.7861655683991609,Q1,Q4,1.0197586928761884,0.8657276185485037,Q1,1.261420159089459,0.6557380007351403,Q1,0.9629288488172433,1.1791103401532343,Q1
119,Pérez Zeledón,-0.0753018249554942,0.0049776367081143,Q2,Q2,-0.02186027519686416,-0.008308572374180695,Q3,0.002135869969298674,-0.18489760839765856,Q4,-0.16841448902515482,0.14437290373620756,Q2
120,León Cortés Castro,-0.58363874758337,0.3322580712680154,Q2,Q2,-0.25292318406406483,0.22803249418923208,Q2,-0.37489971199279987,-0.1831260263660851,Q3,-0.36642066414780344,-0.14183089936149945,Q3
201,Alajuela,1.203533077354716,-0.5364494171347785,Q4,Q4,0.7909459736419279,-0.3907505836311689,Q4,0.9514440129234927,0.24701834928110558,Q1,1.1733343685191626,-0.1804478603081448,Q4
202,San Ramón,0.1359783989830295,-0.3413208139305003,Q4,Q3,0.12982400162527055,-0.30698833906696593,Q4,-0.0692750936867689,0.167591816935634,Q2,0.025834354552701156,-0.10919304621076946,Q4
203,Grecia,0.2040205445753415,0.5930342290287409,Q1,Q1,-0.026277468556719502,0.6432221461918051,Q2,-0.0048598255745978935,0.8658651015161536,Q2,0.07619288809851375,0.5694822162856572,Q1
204,San Mateo,-0.5182756649221997,0.1668965119154929,Q2,Q2,-0.6656031133659591,0.16075760540056533,Q2,-0.3789288978671905,-0.3310983841358665,Q3,-0.848317523612688,0.5557828785930538,Q2
205,Atenas,0.1321197099181026,0.6222428858498916,Q1,Q1,0.16426845780413832,0.6431885783064181,Q1,-0.1341523361463142,0.9587524996549918,Q2,-0.2394122322898837,0.9334740866296691,Q2
206,Naranjo,-0.6066430106485131,1.4706889284403468,Q2,Q1,-0.74602892958398,1.4401411397579373,Q2,-0.6262070388854032,1.0009194462465953,Q2,-0.8120488515448145,1.1987010695578948,Q2
207,Palmares,-0.1144100501376729,1.001241590374563,Q2,Q1,-0.20433766632701003,1.0098354789130732,Q2,-0.2945739484548178,1.0434976008455796,Q2,-0.3394783867872388,0.9458894581014425,Q2
208,Poás,-0.4690778231467494,1.1975397801787329,Q2,Q1,-0.595074572465946,1.179718322578665,Q2,-0.5596728721472987,0.9827373029797064,Q2,-0.584971723865923,0.882239787728604,Q2
209,Orotina,0.0341140159318864,-0.6385819515210294,Q4,Q3,-0.032562568660311285,-0.5892893883534305,Q3,-0.1928099087688486,-0.06320548185879565,Q3,-0.17319056461286583,-0.18736493847387045,Q3
210,San Carlos,-0.0915021826679258,0.0061713721293019,Q2,Q2,-0.15887710716191725,0.001759719650142392,Q2,0.015892360968041783,-0.2101314849445811,Q4,-0.07932846403372083,0.000862184273142843,Q2
211,Zarcero,-0.2047378461565977,1.1559109002141656,Q2,Q1,-0.051018648931769606,1.097388264653037,Q2,-0.16564705973427635,0.7721642598991639,Q2,-0.20699311497500714,0.7699756573768496,Q2
212,Sarchí,-0.5615067959447235,0.9941021460626104,Q2,Q1,-0.7231024560275429,0.9777931181845628,Q2,-0.5989874645334645,0.6943123994096589,Q2,-0.6915046219391888,0.7638252467529055,Q2
213,Upala,-1.2967394861147947,-0.0050515767204321,Q3,Q2,-1.1666043466682021,-0.12637403040666992,Q3,-0.9384649357745781,-0.7890144230330796,Q3,-0.8616027190588141,-0.7827744487846863,Q3
214,Los Chiles,-1.7384365967489053,-0.9764317123486596,Q3,Q2,-1.5167531177795206,-1.1721256048146618,Q3,-0.8297355758813642,-2.5502204296278075,Q3,-0.7862435621370666,-2.1427828747204702,Q3
215,Guatuso,-1.0347848118441905,-0.2532541231253641,Q3,Q2,-0.9408858409540342,-0.33785309387087886,Q3,-0.7272951909504761,-0.920408462153844,Q3,-0.878770600633359,-0.5067876479837603,Q3
216,Río Cuarto,-0.6440939894273094,0.5924303342388247,Q2,Q2,-0.7077657919443754,0.5550874568016294,Q2,-0.5656192990661163,0.18108473632979397,Q2,-0.6967340296394462,0.3890267218762399,Q2
301,Cartago,0.9530416132983326,0.2966877081972262,Q1,Q4,0.5869618746410561,0.3995319787063051,Q1,0.9088341514447079,0.3508855830357165,Q1,0.6380516021975098,0.8345604947583432,Q1
302,Paraíso,-0.1526148848265215,0.5163705888827589,Q2,Q1,-0.3031521210397807,0.5463855896380863,Q2,-0.3989702822396273,0.8089096493394802,Q2,-0.3792335768877608,0.5969041846228207,Q2
303,La Unión,0.3866450928011412,0.701004736272921,Q1,Q1,0.1401247604120823,0.7648504504984973,Q1,0.20931682137911367,0.852815898179683,Q1,0.003179194314248344,1.073606047751498,Q1
304,Jiménez,-0.9208173956404956,0.8437170079958914,Q2,Q2,-0.8388499762039204,0.7780864483868625,Q2,-1.0644545773875003,0.8212345652176919,Q2,-0.7699063697555972,0.15463217427762346,Q2
305,Turrialba,-0.3752034525965614,-0.488421655965735,Q3,Q3,-0.2507102600955226,-0.5308562467042173,Q3,-0.3299365113097045,-0.37534492235638206,Q3,0.020460358950284772,-0.9816637074693239,Q4
306,Alvarado,-0.2237719066865426,0.6924287760031458,Q2,Q1,-0.22974305779688833,0.677291465447502,Q2,-0.3338266248352934,0.7198500559881202,Q2,-0.26582326111024346,0.47161466757155085,Q2
307,Oreamuno,-0.2654487189918721,0.5324669173116366,Q2,Q1,-0.3625587633332616,0.5488721980555573,Q2,-0.46152830801382333,0.6812428333965841,Q2,-0.586581048487176,0.7421393464742151,Q2
308,El Guarco,0.1466901439964436,0.8161796611397907,Q1,Q1,-0.06903315333696479,0.8566332202502714,Q2,0.01997347599591864,0.8125935030847129,Q1,-0.15844930555519102,1.0005686223587207,Q2
401,Heredia,1.5802511637214798,-0.2050620371741492,Q4,Q4,1.3348632328368888,-0.07687109995169737,Q4,1.4103614928079948,0.3674069657974333,Q1,1.4640803348576752,0.2742647694837221,Q1
402,Barva,-0.0452786415599721,1.353225832025134,Q2,Q1,-0.1075651456540457,1.359401587732122,Q2,-0.22294602347736045,1.265195115802283,Q2,-0.4733135979117895,1.5127932515805123,Q2
403,Santo Domingo,1.2613385827460395,0.8282719340629919,Q1,Q4,0.9508189795578442,0.9412484377382047,Q1,1.050636862554689,1.1227078401533073,Q1,0.89509942452387,1.2821449421023077,Q1
404,Santa Bárbara,-0.2092287647620733,1.0197669785343857,Q2,Q1,-0.3655049504896082,1.0421295107631317,Q2,-0.43539575159383076,1.0927771238291077,Q2,-0.625572750373577,1.2215213565684688,Q2
405,San Rafael,0.1098916520117715,1.1246496450636114,Q1,Q1,0.11304987679335031,1.1374143207686245,Q1,-0.09328447906603621,1.1559715782571243,Q2,-0.40467428758436613,1.5146137335105296,Q2
406,San Isidro,0.1904195783827915,1.515708479417441,Q1,Q1,0.262326711747672,1.5149709619771907,Q1,-0.05512713911523078,1.5832558512671784,Q2,-0.2385230638885333,1.6506326294597136,Q2
407,Belén,4.1884416348061615,-0.1075359354318892,Q4,Q4,4.649178052938331,-0.05383505777444631,Q4,4.68329656563653,-0.3874013142959266,Q4,5.15904515155947,-0.5425586097052846,Q4
408,Flores,1.1326922234672432,0.7714731232796088,Q1,Q4,1.3109664991811951,0.7843696740720202,Q1,1.0590056256841938,0.8846248444685011,Q1,1.2284640889435872,0.5833546149778837,Q1
409,San Pablo,0.5563305373686127,1.5706439905971952,Q1,Q1,0.46412909169777317,1.6073949104766339,Q1,0.3591337536320048,1.5498971400400559,Q1,0.07057058404010229,1.847668658463525,Q1
410,Sarapiquí,-1.2063821027854362,-0.0333942791463987,Q3,Q2,-1.13693543937752,-0.11911674856720204,Q3,-1.1316592112423574,-0.2243721741232606,Q3,-0.7462462448525714,-0.9098740054269191,Q3
501,Liberia,0.4547269504567017,-0.8738473650638733,Q4,Q3,0.41185887852720443,-0.8394932830588371,Q4,0.6064252194130536,-0.9290495458189693,Q4,0.40144825891578517,-0.38246292699491796,Q4
502,Nicoya,0.3447492407448533,-1.780203421341763,Q4,Q3,0.4090590578066502,-1.7293828316923165,Q4,0.329540230459707,-1.286205461716743,Q4,0.19114845918634324,-0.9355555180573077,Q4
503,Santa Cruz,0.4908689442616024,-1.678331739408436,Q4,Q3,0.5369160891833166,-1.620708054991636,Q4,0.5160263319318018,-1.298344071931342,Q4,0.2803717460741288,-0.7478883905318188,Q4
504,Bagaces,-0.37560491270581,-0.3353924660653459,Q3,Q3,-0.49376232156124306,-0.3389336662863477,Q3,-0.33131251631710107,-0.3553453328079007,Q3,-0.16780177897806695,-0.5991620961878318,Q3
505,Carrillo,-0.1064736343743974,-0.3629927075210011,Q3,Q3,-0.27269969143852235,-0.3381683375742946,Q3,-0.1127875108608585,-0.26771450065992936,Q3,-0.02519650658503688,-0.3992335359734355,Q3
506,Cañas,-0.22709943010182,-0.447506626572404,Q3,Q3,-0.31377981295897506,-0.4302141999378171,Q3,-0.24500552539401502,-0.3768068850446157,Q3,-0.3423360091679542,-0.18369025335653863,Q3
507,Abangares,0.0457265466996612,-0.9202685201874526,Q4,Q3,0.001649786580030906,-0.8829047197685338,Q4,-0.06908407189362156,-0.45492825728101516,Q3,0.025737938735711344,-0.6259053035313068,Q4
508,Tilarán,-0.1417794248458955,0.493999036838846,Q2,Q1,-0.11329724567709128,0.488276606440341,Q2,-0.3821103883192667,0.8718861815290827,Q2,-0.02734339833474281,0.07153010348561033,Q2
509,Nandayure,-0.694776073726807,0.6824167642072889,Q2,Q2,-0.9552236401296181,0.6674108036041628,Q2,-0.6852683865231396,0.42116641140452604,Q2,-0.4951210750187649,0.029018403460095397,Q2
510,La Cruz,-1.0698895266368356,-1.158473045748707,Q3,Q3,-1.0709350641187996,-1.223094699291385,Q3,-0.8110169396620094,-1.3946147845618149,Q3,-0.4753585327374185,-1.8081410972562437,Q3
511,Hojancha,-0.1106793714513413,-0.1565472229180045,Q3,Q3,-0.09616929072438325,-0.1656724830439024,Q3,0.07018195423856954,-0.5658493998028574,Q4,-0.355433859245132,0.2859391265423655,Q2
601,Puntarenas,0.0746956911979612,-1.5714042702410829,Q4,Q3,0.02407791575672224,-1.514217319017114,Q4,-0.09786966672679562,-0.8186164623226873,Q3,0.07357126112065744,-1.1108029599874396,Q4
602,Esparza,-0.0656864856590284,-0.2874181729928923,Q3,Q3,-0.3018534564703067,-0.22668088964008126,Q3,-0.28602571479389266,0.16232033261091006,Q2,-0.2679112509638903,0.027610442483678044,Q2
603,Buenos Aires,-1.6170957215804866,-0.311124322989403,Q3,Q2,-1.4508454655649539,-0.4444127293008179,Q3,-1.2896256962505719,-1.0085742270858373,Q3,-1.0677551690943543,-1.2441243381873985,Q3
604,Montes de Oro,-0.6618552612407625,0.5303504502604734,Q2,Q2,-0.6049179834150756,0.4819780661607701,Q2,-0.6073038364411628,0.13948655081491446,Q2,-0.816416930882522,0.495708719570085,Q2
605,Osa,0.3257140474008396,-2.1556984791061784,Q4,Q3,0.41902363402737336,-2.134893699020198,Q4,0.6106033418020039,-2.107076888684671,Q4,0.47839976210534557,-1.578328187950178,Q4
606,Quepos,0.3656560873819339,-2.2187984490333568,Q4,Q3,0.5415568048873709,-2.1807617914082993,Q4,0.39907730951966697,-1.6869173110593407,Q4,0.32799139453426596,-1.3929923922805527,Q4
607,Golfito,-0.7076287913001714,-0.6564638652811068,Q3,Q3,-0.5011650280493559,-0.7106688588877439,Q3,-0.6583301370948339,-0.6672279927924301,Q3,-0.6635705851300874,-0.6184737765640399,Q3
608,Coto Brus,-0.6918383398512432,-1.347263642721288,Q3,Q3,-0.6618761706356641,-1.4424174585750453,Q3,0.009823980085381174,-2.258620584479704,Q4,0.26045473393494,-2.286130499672033,Q4
609,Parrita,-0.1526746678903776,-1.7392253797389714,Q3,Q3,0.007009183808808299,-1.7269891428073483,Q4,-0.20264007100096224,-1.2290687439352919,Q3,-0.1893405362346956,-1.1761411544176645,Q3
610,Corredores,-0.4275792204093674,-1.4026684479392622,Q3,Q3,-0.16965697688001738,-1.43503787742762,Q3,-0.39620054176968433,-1.1385229465964688,Q3,-0.292123628095886,-1.23828941696569,Q3
611,Garabito,0.648448396852244,-1.9434523014961895,Q4,Q3,0.6548045470027722,-1.881627205383611,Q4,0.7408990032622432,-1.5393959765836116,Q4,0.7120144335775687,-1.298460257822644,Q4
701,Limón,-0.1969900114093992,-2.0825791708171444,Q3,Q3,-0.07057119178972278,-2.077099589393302,Q3,-0.1103773973801265,-1.7278617522430957,Q3,-0.048415390013283655,-1.6613773596297403,Q3
702,Pococí,-0.4852602854107274,-0.0433112491491618,Q3,Q2,-0.5716835474443807,-0.05059228959906018,Q3,-0.5268375742597385,-0.01426085551358743,Q3,-0.43036863314364515,-0.21339415829230013,Q3
703,Siquirres,-0.3476837949265783,-1.4495390625387894,Q3,Q3,-0.1839221766064889,-1.4760279699970098,Q3,-0.2481326228404106,-1.2651465292053656,Q3,-0.07426221571903181,-1.4266858049993285,Q3
704,Talamanca,-1.3158993367832843,-1.0715309386238328,Q3,Q3,-0.9222646196251056,-1.2466977514727753,Q3,-0.5890613992852715,-2.2521185132417627,Q3,-0.639719874996868,-1.7666788326214669,Q3
705,Matina,-1.0959682329468488,-1.4729939830133072,Q3,Q3,-0.946309223600392,-1.5384454487366273,Q3,-0.94862010905658,-1.466186779886082,Q3,-0.6628058272888027,-1.8159388205088371,Q3
706,Guácimo,-0.8001323833991265,-0.2955017753402391,Q3,Q2,-0.9063634700329423,-0.30541206199094995,Q3,-0.9122379539777372,-0.0985925448404953,Q3,-0.6654655565966561,-0.5862464680008143,Q3
