variable,clave,I,E_I,z_sim,p_sim,q_fdr
IDH (2024),IDH_2024,0.5723370803114077,-0.012345679012345678,8.694666617737575,0.0001,0.00013333333333333334
ICC (2024),ICC_2024,0.5930543679330811,-0.012345679012345678,8.849193479238828,0.0001,0.00013333333333333334
PIB per cápita (2022),PIB_percapita_2022,0.3940503945627658,-0.012345679012345678,7.7276596162933195,0.0001,0.00013333333333333334
UJ por 1.000 hab. (2024),UJ_por_1000hab_2024,0.42178103340486944,-0.012345679012345678,6.530216732193366,0.0001,0.00013333333333333334
ISC (2025),ISC_2025,0.3249673286698996,-0.012345679012345678,4.977772706969568,0.0001,0.00013333333333333334
IPM (2024),IPM_2024,0.5209133397019348,-0.012345679012345678,8.022613670421876,0.0001,0.00013333333333333334
IVDAC (2024),IVDAC_2024,0.27695995224396547,-0.012345679012345678,4.228842055886207,0.0001,0.00013333333333333334
Eje económico (rotado),E,0.4877174715893808,-0.012345679012345678,7.6154502581974075,0.0001,0.00013333333333333334
Eje de seguridad (rotado),S,0.3642127514111212,-0.012345679012345678,5.490003364173264,0.0001,0.00013333333333333334
Red vial cantonal pavimentada,Red_vial_pavimentada_pct,0.7573865935992619,-0.012345679012345678,11.284118766439402,0.0001,0.00013333333333333334
Cobertura de redes móviles,Cobertura_movil_pct,0.283875236522147,-0.012345679012345678,4.379815309727807,0.0002,0.00025454545454545456
Velocidad de redes móviles,Velocidad_movil_pct,0.16961619114241158,-0.012345679012345678,2.6928858289734716,0.0048,0.005376
Llamadas completadas (redes móviles),Llamadas_completadas_pct,0.22057526400643604,-0.012345679012345678,3.4117424484290595,0.0013,0.001582608695652174
Viviendas con Internet (ENAHO),Internet_hogares_pct,0.555470557857976,-0.012345679012345678,8.310918231740013,0.0001,0.00013333333333333334
Sucursales financieras por km²,Entidades_financieras_xkm2,0.5081722392447637,-0.012345679012345678,8.736925674543553,0.0001,0.00013333333333333334
Viviendas con electricidad por km² (log),Log_viviendas_electricidad_xkm2,0.7508519135335526,-0.012345679012345678,11.203057550668785,0.0001,0.00013333333333333334
Gasto municipal vial por km de red (log),Log_gasto_vial_xkmrvc,0.5032252063627823,-0.012345679012345678,7.612744888647327,0.0001,0.00013333333333333334
Económico,Pilar_Economico,0.3783312277060018,-0.012345679012345678,5.74375759944197,0.0001,0.00013333333333333334
Gobierno,Pilar_Gobierno,0.33420436682571897,-0.012345679012345678,5.130234019338314,0.0001,0.00013333333333333334
Empresarial,Pilar_Empresarial,0.48221389660967656,-0.012345679012345678,7.4906565671716505,0.0001,0.00013333333333333334
Infraestructura,Pilar_Infraestructura,0.6214104372097615,-0.012345679012345678,9.252968415346896,0.0001,0.00013333333333333334
Laboral,Pilar_Laboral,0.16158621365647233,-0.012345679012345678,2.5485099698574056,0.0111,0.011953846153846155
Innovación,Pilar_Innovacion,0.529434818427841,-0.012345679012345678,7.923533134086595,0.0001,0.00013333333333333334
Calidad de vida,Pilar_CalidadVida,0.11195961777271282,-0.012345679012345678,1.8418782975623582,0.0382,0.03961481481481481
IVDAC · Oferta y tráfico,IVDAC_oferta_trafico,-0.02445952681962373,-0.012345679012345678,-0.18852254657034712,0.4468,0.4468
IVDAC · Demanda,IVDAC_demanda,0.4954000189801496,-0.012345679012345678,7.521059449673371,0.0001,0.00013333333333333334
IVDAC · Manifestación de violencia,IVDAC_manifestacion_violencia,0.21052263393104176,-0.012345679012345678,3.265474704783557,0.0016,0.0018666666666666666
IVDAC · Institucional,IVDAC_institucional,0.39517405964293834,-0.012345679012345678,5.997779326289339,0.0001,0.00013333333333333334
