canton,rango_E0,rango_mediano,rango_min,rango_max,pct_escenarios_top5,pct_escenarios_top8,indice_E0,provincia,ln_dens
Talamanca,1.0,1.0,1.0,10.0,92.3076923076923,92.3076923076923,1.1001988543063888,Limón,2.7930934406871604
Matina,2.0,2.0,2.0,14.0,84.61538461538461,92.3076923076923,0.6325792183494096,Limón,4.073962607836461
Hojancha,3.0,4.0,3.0,11.0,76.92307692307693,92.3076923076923,0.5538760896140411,Guanacaste,3.302551954444951
Buenos Aires,4.0,4.0,2.0,8.0,76.92307692307693,100.0,0.5505241051973407,Puntarenas,3.133354747844552
Coto Brus,5.0,5.0,5.0,9.0,53.84615384615385,92.3076923076923,0.4919339004709177,Puntarenas,3.634260572808286
Siquirres,6.0,5.0,3.0,16.0,53.84615384615385,76.92307692307693,0.47215010887545944,Limón,4.200559808868411
Upala,7.0,7.0,2.0,10.0,23.076923076923077,76.92307692307693,0.44508724667205257,Alajuela,3.5705206752285865
Los Chiles,8.0,8.0,1.0,12.0,23.076923076923077,76.92307692307693,0.43500672699530435,Alajuela,3.3191072149485525
Sarapiquí,9.0,9.0,6.0,11.0,0.0,23.076923076923077,0.36963244996336686,Heredia,3.788492758694791
Golfito,10.0,10.0,8.0,14.0,0.0,23.076923076923077,0.3282904834254583,Puntarenas,3.792107795035375
Limón,11.0,11.0,6.0,16.0,0.0,15.384615384615385,0.3100600768031754,Limón,3.9547204482461
Parrita,12.0,12.0,8.0,16.0,0.0,7.6923076923076925,0.28359331575148594,Puntarenas,3.829621492621942
Guatuso,13.0,13.0,4.0,17.0,7.6923076923076925,7.6923076923076925,0.2486946855927947,Alajuela,3.2730083009366
Guácimo,14.0,13.0,9.0,20.0,0.0,0.0,0.2386067375473205,Limón,4.285888876124756
Corredores,15.0,15.0,12.0,18.0,0.0,0.0,0.1881096357888058,Puntarenas,4.445402459649887
Pococí,16.0,16.0,13.0,19.0,0.0,0.0,0.16997261569465483,Limón,4.26082658248301
Esparza,17.0,17.0,6.0,22.0,0.0,7.6923076923076925,0.16110959046810164,Puntarenas,5.08674550744716
Bagaces,18.0,18.0,7.0,21.0,0.0,7.6923076923076925,0.1094651237995106,Guanacaste,2.9891374843955227
Carrillo,19.0,19.0,9.0,22.0,0.0,0.0,0.1018071000905135,Guanacaste,4.408998135961079
La Cruz,20.0,20.0,3.0,21.0,7.6923076923076925,7.6923076923076925,0.09231588071155636,Guanacaste,2.997324369191664
Turrialba,21.0,20.0,13.0,21.0,0.0,0.0,0.08073508112289778,Cartago,3.7703437668379673
Cañas,22.0,22.0,18.0,23.0,0.0,0.0,-0.1417872846092837,Guanacaste,3.858493649556657
Alajuelita,23.0,23.0,22.0,23.0,0.0,0.0,-0.4080694195620553,San José,8.412832477992795
