fuente_archivo,institucion,familia_variable,variable,cobertura_geografica,primer_anio,ultimo_anio_disponible,anio_publicacion_fuente,serie_continua,nota
Índice de Desarrollo Humano Atlas 2026.xlsx,PNUD,Desarrollo Humano Cantonal,idh,"cantonal (84, con huecos por canton nuevo)",2010,2024,2026,si,Serie anual; ver canton_no_existia para Rio Cuarto/Monteverde/Puerto Jimenez
Índice de Desarrollo Humano Atlas 2026.xlsx,PNUD,Desarrollo Humano Cantonal,iev,"cantonal (84, con huecos por canton nuevo)",2010,2024,2026,si,Serie anual; ver canton_no_existia para Rio Cuarto/Monteverde/Puerto Jimenez
Índice de Desarrollo Humano Atlas 2026.xlsx,PNUD,Desarrollo Humano Cantonal,esperanza_vida,"cantonal (84, con huecos por canton nuevo)",2010,2024,2026,si,Serie anual; ver canton_no_existia para Rio Cuarto/Monteverde/Puerto Jimenez
Índice de Desarrollo Humano Atlas 2026.xlsx,PNUD,Desarrollo Humano Cantonal,ic_conocimiento,"cantonal (84, con huecos por canton nuevo)",2010,2024,2026,si,Serie anual; ver canton_no_existia para Rio Cuarto/Monteverde/Puerto Jimenez
Índice de Desarrollo Humano Atlas 2026.xlsx,PNUD,Desarrollo Humano Cantonal,anios_prom_escolaridad,"cantonal (84, con huecos por canton nuevo)",2010,2024,2026,si,Serie anual; ver canton_no_existia para Rio Cuarto/Monteverde/Puerto Jimenez
Índice de Desarrollo Humano Atlas 2026.xlsx,PNUD,Desarrollo Humano Cantonal,anios_esperados_escolaridad,"cantonal (84, con huecos por canton nuevo)",2010,2024,2026,si,Serie anual; ver canton_no_existia para Rio Cuarto/Monteverde/Puerto Jimenez
Índice de Desarrollo Humano Atlas 2026.xlsx,PNUD,Desarrollo Humano Cantonal,ibm,"cantonal (84, con huecos por canton nuevo)",2010,2024,2026,si,Serie anual; ver canton_no_existia para Rio Cuarto/Monteverde/Puerto Jimenez
Índice de Desarrollo Humano Atlas 2026.xlsx,PNUD,Desarrollo Humano Cantonal,ingreso_promedio_estimado,"cantonal (84, con huecos por canton nuevo)",2010,2024,2026,si,Serie anual; ver canton_no_existia para Rio Cuarto/Monteverde/Puerto Jimenez
Índice de Desarrollo Género Atlas 2026.xlsx,PNUD,Desarrollo Humano Cantonal,idg,"cantonal (84, con huecos por canton nuevo)",2010,2024,2026,si,Serie anual; ver canton_no_existia para Rio Cuarto/Monteverde/Puerto Jimenez
Índice de Desarrollo Género Atlas 2026.xlsx,PNUD,Desarrollo Humano Cantonal,ibm_mujeres,"cantonal (84, con huecos por canton nuevo)",2010,2024,2026,si,Serie anual; ver canton_no_existia para Rio Cuarto/Monteverde/Puerto Jimenez
Índice de Desarrollo Género Atlas 2026.xlsx,PNUD,Desarrollo Humano Cantonal,ibm_hombres,"cantonal (84, con huecos por canton nuevo)",2010,2024,2026,si,Serie anual; ver canton_no_existia para Rio Cuarto/Monteverde/Puerto Jimenez
Índice de Desarrollo Género Atlas 2026.xlsx,PNUD,Desarrollo Humano Cantonal,iev_mujeres,"cantonal (84, con huecos por canton nuevo)",2010,2024,2026,si,Serie anual; ver canton_no_existia para Rio Cuarto/Monteverde/Puerto Jimenez
Índice de Desarrollo Género Atlas 2026.xlsx,PNUD,Desarrollo Humano Cantonal,iev_hombres,"cantonal (84, con huecos por canton nuevo)",2010,2024,2026,si,Serie anual; ver canton_no_existia para Rio Cuarto/Monteverde/Puerto Jimenez
Índice de Desarrollo Género Atlas 2026.xlsx,PNUD,Desarrollo Humano Cantonal,ic_mujeres,"cantonal (84, con huecos por canton nuevo)",2010,2024,2026,si,Serie anual; ver canton_no_existia para Rio Cuarto/Monteverde/Puerto Jimenez
Índice de Desarrollo Género Atlas 2026.xlsx,PNUD,Desarrollo Humano Cantonal,ic_hombres,"cantonal (84, con huecos por canton nuevo)",2010,2024,2026,si,Serie anual; ver canton_no_existia para Rio Cuarto/Monteverde/Puerto Jimenez
Índice de Desarrollo Género Atlas 2026.xlsx,PNUD,Desarrollo Humano Cantonal,anios_esperados_mujeres,"cantonal (84, con huecos por canton nuevo)",2010,2024,2026,si,Serie anual; ver canton_no_existia para Rio Cuarto/Monteverde/Puerto Jimenez
Índice de Desarrollo Género Atlas 2026.xlsx,PNUD,Desarrollo Humano Cantonal,anios_esperados_hombres,"cantonal (84, con huecos por canton nuevo)",2010,2024,2026,si,Serie anual; ver canton_no_existia para Rio Cuarto/Monteverde/Puerto Jimenez
Índice de Desarrollo Género Atlas 2026.xlsx,PNUD,Desarrollo Humano Cantonal,anios_escolaridad_mujeres,"cantonal (84, con huecos por canton nuevo)",2010,2024,2026,si,Serie anual; ver canton_no_existia para Rio Cuarto/Monteverde/Puerto Jimenez
Índice de Desarrollo Género Atlas 2026.xlsx,PNUD,Desarrollo Humano Cantonal,anios_escolaridad_hombres,"cantonal (84, con huecos por canton nuevo)",2010,2024,2026,si,Serie anual; ver canton_no_existia para Rio Cuarto/Monteverde/Puerto Jimenez
Índice de Desarrollo Humano ajustado por Desigualdad Atlas 2026.xlsx,PNUD,Desarrollo Humano Cantonal,idh_ajustado_desigualdad,"cantonal (84, con huecos por canton nuevo)",2010,2024,2026,si,Serie anual; ver canton_no_existia para Rio Cuarto/Monteverde/Puerto Jimenez
Índice de Desarrollo Humano ajustado por Desigualdad Atlas 2026.xlsx,PNUD,Desarrollo Humano Cantonal,iev_ajustado,"cantonal (84, con huecos por canton nuevo)",2010,2024,2026,si,Serie anual; ver canton_no_existia para Rio Cuarto/Monteverde/Puerto Jimenez
Índice de Desarrollo Humano ajustado por Desigualdad Atlas 2026.xlsx,PNUD,Desarrollo Humano Cantonal,ic_ajustado,"cantonal (84, con huecos por canton nuevo)",2010,2024,2026,si,Serie anual; ver canton_no_existia para Rio Cuarto/Monteverde/Puerto Jimenez
Índice de Desarrollo Humano ajustado por Desigualdad Atlas 2026.xlsx,PNUD,Desarrollo Humano Cantonal,ibm_ajustado,"cantonal (84, con huecos por canton nuevo)",2010,2024,2026,si,Serie anual; ver canton_no_existia para Rio Cuarto/Monteverde/Puerto Jimenez
Índice de Desigualdad de Género Atlas 2026.xlsx,PNUD,Desarrollo Humano Cantonal,idg_ajustado_desigualdad,"cantonal (84, con huecos por canton nuevo)",2010,2024,2026,si,Serie anual; ver canton_no_existia para Rio Cuarto/Monteverde/Puerto Jimenez
Índice de Desigualdad de Género Atlas 2026.xlsx,PNUD,Desarrollo Humano Cantonal,pct_control_prenatal,"cantonal (84, con huecos por canton nuevo)",2010,2024,2026,si,Serie anual; ver canton_no_existia para Rio Cuarto/Monteverde/Puerto Jimenez
Índice de Desigualdad de Género Atlas 2026.xlsx,PNUD,Desarrollo Humano Cantonal,tasa_natalidad_adolescente,"cantonal (84, con huecos por canton nuevo)",2010,2024,2026,si,Serie anual; ver canton_no_existia para Rio Cuarto/Monteverde/Puerto Jimenez
Índice de Desigualdad de Género Atlas 2026.xlsx,PNUD,Desarrollo Humano Cantonal,pct_secundaria_hombres,"cantonal (84, con huecos por canton nuevo)",2010,2024,2026,si,Serie anual; ver canton_no_existia para Rio Cuarto/Monteverde/Puerto Jimenez
Índice de Desigualdad de Género Atlas 2026.xlsx,PNUD,Desarrollo Humano Cantonal,pct_secundaria_mujeres,"cantonal (84, con huecos por canton nuevo)",2010,2024,2026,si,Serie anual; ver canton_no_existia para Rio Cuarto/Monteverde/Puerto Jimenez
Índice de Desigualdad de Género Atlas 2026.xlsx,PNUD,Desarrollo Humano Cantonal,regidores_hombres,"cantonal (84, con huecos por canton nuevo)",2010,2024,2026,si,Serie anual; ver canton_no_existia para Rio Cuarto/Monteverde/Puerto Jimenez
Índice de Desigualdad de Género Atlas 2026.xlsx,PNUD,Desarrollo Humano Cantonal,regidoras_mujeres,"cantonal (84, con huecos por canton nuevo)",2010,2024,2026,si,Serie anual; ver canton_no_existia para Rio Cuarto/Monteverde/Puerto Jimenez
Índice de Desigualdad de Género Atlas 2026.xlsx,PNUD,Desarrollo Humano Cantonal,tasa_participacion_mujeres,"cantonal (84, con huecos por canton nuevo)",2010,2024,2026,si,Serie anual; ver canton_no_existia para Rio Cuarto/Monteverde/Puerto Jimenez
Índice de Desigualdad de Género Atlas 2026.xlsx,PNUD,Desarrollo Humano Cantonal,tasa_participacion_hombres,"cantonal (84, con huecos por canton nuevo)",2010,2024,2026,si,Serie anual; ver canton_no_existia para Rio Cuarto/Monteverde/Puerto Jimenez
Índice de Seguridad Ciudadana Atlas 2026.xlsx,PNUD,Desarrollo Humano Cantonal,isc,"cantonal (84, con huecos por canton nuevo)",2020,2025,2026,si,Serie anual; ver canton_no_existia para Rio Cuarto/Monteverde/Puerto Jimenez
Índice de Seguridad Ciudadana Atlas 2026.xlsx,PNUD,Desarrollo Humano Cantonal,tasa_homicidios,"cantonal (84, con huecos por canton nuevo)",2020,2025,2026,si,Serie anual; ver canton_no_existia para Rio Cuarto/Monteverde/Puerto Jimenez
Índice de Seguridad Ciudadana Atlas 2026.xlsx,PNUD,Desarrollo Humano Cantonal,tasa_violencia_mujeres,"cantonal (84, con huecos por canton nuevo)",2020,2025,2026,si,Serie anual; ver canton_no_existia para Rio Cuarto/Monteverde/Puerto Jimenez
Índice de Seguridad Ciudadana Atlas 2026.xlsx,PNUD,Desarrollo Humano Cantonal,tasa_robos_hurtos,"cantonal (84, con huecos por canton nuevo)",2020,2025,2026,si,Serie anual; ver canton_no_existia para Rio Cuarto/Monteverde/Puerto Jimenez
Índice de Vulnerabilidad a Drogas y Acrividades Conexas Atlas 2026.xlsx,PNUD,Desarrollo Humano Cantonal,ivdac,"cantonal (84, con huecos por canton nuevo)",2020,2024,2026,si,Serie anual; ver canton_no_existia para Rio Cuarto/Monteverde/Puerto Jimenez
Índice de Vulnerabilidad a Drogas y Acrividades Conexas Atlas 2026.xlsx,PNUD,Desarrollo Humano Cantonal,ivdac_oferta_trafico,"cantonal (84, con huecos por canton nuevo)",2020,2024,2026,si,Serie anual; ver canton_no_existia para Rio Cuarto/Monteverde/Puerto Jimenez
Índice de Vulnerabilidad a Drogas y Acrividades Conexas Atlas 2026.xlsx,PNUD,Desarrollo Humano Cantonal,ivdac_demanda,"cantonal (84, con huecos por canton nuevo)",2020,2024,2026,si,Serie anual; ver canton_no_existia para Rio Cuarto/Monteverde/Puerto Jimenez
Índice de Vulnerabilidad a Drogas y Acrividades Conexas Atlas 2026.xlsx,PNUD,Desarrollo Humano Cantonal,ivdac_manifestacion_violencia,"cantonal (84, con huecos por canton nuevo)",2020,2024,2026,si,Serie anual; ver canton_no_existia para Rio Cuarto/Monteverde/Puerto Jimenez
Índice de Vulnerabilidad a Drogas y Acrividades Conexas Atlas 2026.xlsx,PNUD,Desarrollo Humano Cantonal,ivdac_institucional,"cantonal (84, con huecos por canton nuevo)",2020,2024,2026,si,Serie anual; ver canton_no_existia para Rio Cuarto/Monteverde/Puerto Jimenez
Índice de Pobreza Multidimensional Atlas 2026.xlsx,PNUD,Desarrollo Humano Cantonal,ipm (y componentes),cantonal (84),2024,2024,2026,no,"Corte transversal unico, no es serie de tiempo"
baseICC2023_2024.xlsx,UCR - Escuela de Economia,Indice de Competitividad Cantonal,"icc y pilares (peconomico, pgobierno, pempresarial, pinfraestructura, plaboral, pinnovacion, pcalidadvida) + ranks/categorias","cantonal (81-82, sin Monteverde ni Puerto Jimenez)",2023,2024,2026,no,Rio Cuarto ausente en 2023; Monteverde y Puerto Jimenez ausentes en ambos anios
"PIB,_VA_impuesto_X_M (3).xlsx",BCCR,PIB Cantonal,"valor_agregado, impuestos_productos, pib, exportaciones, importaciones","cantonal (82 en 2019-2021, 84 en 2022)",2019,2022,2026,si,Serie corta; sin datos 2023-2026 al momento de este manual
Valor_agregado_por actividad_economica (2).xlsx,BCCR,PIB Cantonal por actividad,valor_agregado por seccion/clase CIIU,"cantonal (82 en 2019-2021, 84 en 2022)",2019,2022,2026,si,Desagregacion sectorial del PIB cantonal; misma cobertura que panel_pib_bccr
Estadisticas_empresariales_2005_2024.xlsx,BCCR,Unidades Juridicas cantonal (C2+C3),"cantidad_uj, numero_trabajadores, masa_salarial_crc, ingresos_crc, exportaciones_usd, importaciones_usd",cantonal (hasta 84 + codigo 999 sin distribuir),2005,2024,2026,si,"Celdas ""x""=confidencial, ""nd""=no_clasificable; ver hoja C4 del archivo original para representatividad"
Estadisticas_empresariales_2005_2024.xlsx (C1),BCCR,Unidades Juridicas nacional por tamaño,"cantidad_uj, numero_trabajadores, masa_salarial, ingresos, exportaciones, importaciones",nacional,2005,2024,2026,si,Sin desagregacion cantonal
Estadisticas_empresariales_2005_2024.xlsx (C5/C5.ZF/C5.Resto),BCCR,Empleo y salarios nacional por sección CIIU y sexo,"trabajadores, masa_salarial, salario_promedio, salario_mediana, valor_agregado, ingresos_reales",nacional,2005,2024,2026,si,Sin desagregacion cantonal; C5.ZF/C5.Resto separan zona franca
Aporte_UJ_PIB_segun_actividad_economica_tamano.xlsx,BCCR,Aporte de las UJ al PIB,aporte % al PIB por seccion CIIU y tamaño,nacional,2018,2022,2026,si,"2022 es dato preliminar; sin desagregacion cantonal, no usar como fuente cantonal"
