cod_canton,provincia,canton,IDH_2024,IDHD_2024,IDG_2024,IDH_cat,IDHD_cat,IDG_cat,dist_paridad,dist_cat
101,San José,San José,0.814500897738676,0.757943211792527,0.989850936833405,3,2,4,0.01014906316659503,0
102,San José,Escazú,0.91395057800921,0.816576692248572,0.954519778183083,4,3,3,0.04548022181691702,1
103,San José,Desamparados,0.800240775186397,0.770583357462283,0.929860893979953,3,3,2,0.07013910602004703,2
104,San José,Puriscal,0.800816395008548,0.797088862497586,0.945033650516645,3,3,3,0.05496634948335499,1
105,San José,Tarrazú,0.755295656093119,0.729495317587891,0.913807688310001,2,2,2,0.08619231168999897,2
106,San José,Aserrí,0.794624761464801,0.764110812646358,0.888920084200734,3,2,1,0.11107991579926602,3
107,San José,Mora,0.858365996441958,0.800922207050359,1.00099298457857,4,3,4,0.0009929845785701108,0
108,San José,Goicoechea,0.809666849367857,0.757278292865921,0.891902566339775,3,2,1,0.10809743366022495,3
109,San José,Santa Ana,0.906830327783547,0.855480759098666,0.941065746563969,4,4,3,0.05893425343603098,1
110,San José,Alajuelita,0.758261893368289,0.739853968986342,0.966888832585232,2,2,3,0.03311116741476805,1
111,San José,Vázquez de Coronado,0.848179413643525,0.754793821052593,0.991718551895761,4,2,4,0.008281448104239031,0
112,San José,Acosta,0.76168580636429,0.744148899981201,0.899530174782432,2,2,1,0.10046982521756798,3
113,San José,Tibás,0.809493696582508,0.728958541877762,0.935010742726711,3,2,2,0.06498925727328897,2
114,San José,Moravia,0.866724931692289,0.766135949035718,1.00027160137987,4,2,4,0.0002716013798700345,0
115,San José,Montes de Oca,0.891613552541307,0.859805061591018,0.961126467621535,4,4,3,0.038873532378465026,1
116,San José,Turrubares,0.805214854927305,0.776439831174874,0.928380528249049,3,3,2,0.07161947175095096,2
117,San José,Dota,0.756406448838213,0.738972063120107,0.860755861802063,2,2,1,0.13924413819793702,4
118,San José,Curridabat,0.868500387502542,0.85816895098908,0.939655951258433,4,4,3,0.06034404874156696,1
119,San José,Pérez Zeledón,0.769934629539999,0.754418735014847,0.926308197944105,2,2,2,0.07369180205589498,2
120,San José,León Cortés Castro,0.766940535076008,0.729131921405536,0.89574697581649,2,2,1,0.10425302418351001,3
201,Alajuela,Alajuela,0.833575618846815,0.822358960412917,0.924870120676753,3,4,2,0.075129879323247,2
202,Alajuela,San Ramón,0.81037374279489,0.780498504562554,0.966905044109385,3,3,3,0.03309495589061495,0
203,Alajuela,Grecia,0.827441075847335,0.787291412023528,0.907309876236697,3,3,2,0.09269012376330299,2
204,Alajuela,San Mateo,0.753973633234521,0.696436941398725,0.877450632049067,2,1,1,0.12254936795093296,3
205,Alajuela,Atenas,0.867123928097109,0.78853381147843,0.941990099455124,4,3,3,0.05800990054487598,1
206,Alajuela,Naranjo,0.794120701298094,0.761657603961072,0.936983063923817,3,2,2,0.06301693607618297,1
207,Alajuela,Palmares,0.810258271689201,0.761448945538479,0.939789472261623,3,2,3,0.060210527738376984,1
208,Alajuela,Poás,0.797867145041301,0.737565845647956,0.924579990094704,3,2,2,0.07542000990529596,2
209,Alajuela,Orotina,0.796856211212418,0.671298479332246,0.919609085296782,3,1,2,0.08039091470321802,2
210,Alajuela,San Carlos,0.806722643477325,0.682916158073693,0.928189266404606,3,1,2,0.07181073359539403,2
211,Alajuela,Zarcero,0.812855378705257,0.74316389972631,0.900977053086045,3,2,2,0.09902294691395497,3
212,Alajuela,Sarchí,0.776134620652117,0.630783559989237,0.9245107887405,2,0,2,0.07548921125950003,2
213,Alajuela,Upala,0.732207325515978,0.6948198071635,0.890616337873937,2,1,1,0.10938366212606299,3
214,Alajuela,Los Chiles,0.685815336372769,0.62787146096831,0.922898466457545,1,0,2,0.07710153354245497,2
215,Alajuela,Guatuso,0.715091043970686,0.654213397152771,0.878434217311922,1,1,1,0.12156578268807805,3
216,Alajuela,Río Cuarto,0.770049457005558,0.750787275602322,0.765687571215349,2,2,0,0.23431242878465097,4
301,Cartago,Cartago,0.847401219385358,0.795469178528413,0.950491681254977,4,3,3,0.04950831874502304,1
302,Cartago,Paraíso,0.82122400574703,0.739086357013473,0.936920721459772,3,2,2,0.06307927854022799,1
303,Cartago,La Unión,0.863967016911709,0.775058389088884,0.944425349633733,4,3,3,0.055574650366266964,1
304,Cartago,Jiménez,0.768912385807482,0.750868427364156,0.876579540608257,2,2,1,0.12342045939174295,3
305,Cartago,Turrialba,0.802503553061161,0.744149399302696,0.950128673911104,3,2,3,0.049871326088895995,1
306,Cartago,Alvarado,0.840620059107419,0.840387069994567,0.912411405242582,3,4,2,0.08758859475741798,2
307,Cartago,Oreamuno,0.81132868350387,0.780025620831008,0.887443669476074,3,3,1,0.112556330523926,3
308,Cartago,El Guarco,0.823465483077924,0.675925477754749,0.881719943696096,3,1,1,0.11828005630390404,3
401,Heredia,Heredia,0.869531742547576,0.718353917840347,0.97621418940985,4,2,4,0.023785810590149947,0
402,Heredia,Barva,0.844612598339763,0.804897137577296,0.95320484647082,4,3,3,0.046795153529179956,1
403,Heredia,Santo Domingo,0.879851666662394,0.8277062986337,0.97935064921509,4,4,4,0.020649350784910037,0
404,Heredia,Santa Bárbara,0.834183399422101,0.798367972057801,0.925784354183343,3,3,2,0.07421564581665696,2
405,Heredia,San Rafael,0.877151607384471,0.853754395171819,0.953664814853539,4,4,3,0.046335185146460955,1
406,Heredia,San Isidro,0.893620459933979,0.86343063344149,0.937399561842492,4,4,3,0.06260043815750804,1
407,Heredia,Belén,0.908713489067584,0.8922985629883,0.917374294690222,4,4,2,0.08262570530977797,2
408,Heredia,Flores,0.840905410098308,0.809969189942504,0.92152731707585,4,3,2,0.07847268292415,2
409,Heredia,San Pablo,0.889516139284745,0.846552124458926,0.914512402181579,4,4,2,0.08548759781842097,2
410,Heredia,Sarapiquí,0.728174236407159,0.625645131868668,0.916215167674138,1,0,2,0.08378483232586198,2
501,Guanacaste,Liberia,0.791302252330911,0.642940602694957,1.03936075858198,3,1,4,0.03936075858197996,1
502,Guanacaste,Nicoya,0.773443406937538,0.693509682959725,0.96353048007399,2,1,3,0.03646951992601,1
503,Guanacaste,Santa Cruz,0.752324195160108,0.673842202235803,0.950314730152384,2,1,3,0.04968526984761601,1
504,Guanacaste,Bagaces,0.745389971021637,0.691771440099219,0.983523469358093,2,1,4,0.016476530641907017,0
505,Guanacaste,Carrillo,0.753182005265397,0.673261098119372,0.963505398609481,2,1,3,0.036494601390518966,1
506,Guanacaste,Cañas,0.747975347253472,0.655060447022982,0.972593217973169,2,1,3,0.027406782026831,0
507,Guanacaste,Abangares,0.78289649877353,0.681241450748839,0.920387302631495,3,1,2,0.07961269736850496,2
508,Guanacaste,Tilarán,0.805872381843258,0.7351707222807,0.964230712077317,3,2,3,0.03576928792268297,1
509,Guanacaste,Nandayure,0.717251217473581,0.651727934802938,0.952549946537443,1,1,3,0.04745005346255704,1
510,Guanacaste,La Cruz,0.692153970110043,0.562526026175758,1.0163108043337,1,0,4,0.016310804333699913,0
511,Guanacaste,Hojancha,0.759073606046182,0.591868886812427,0.991891343227963,2,0,4,0.008108656772036982,0
601,Puntarenas,Puntarenas,0.773970035348399,0.632741590344436,0.990650353866997,2,0,4,0.009349646133003042,0
602,Puntarenas,Esparza,0.789413210229073,0.759486509933338,0.939905754848296,3,2,3,0.06009424515170403,1
603,Puntarenas,Buenos Aires,0.627125103234115,0.597171919966745,0.764786099725492,0,0,0,0.23521390027450795,4
604,Puntarenas,Montes de Oro,0.753713704735878,0.748244263585068,0.941529839205708,2,2,3,0.058470160794292014,1
605,Puntarenas,Osa,0.720701795155522,0.695322858462542,0.954948321637992,1,1,3,0.04505167836200796,1
606,Puntarenas,Quepos,0.745336083060049,0.731915267226105,0.942929404585321,2,2,3,0.05707059541467896,1
607,Puntarenas,Golfito,0.771906013473197,0.758890444639971,1.01622801433452,2,2,4,0.016228014334519925,0
608,Puntarenas,Coto Brus,0.711801842526594,0.664637353738589,0.94533746254155,1,1,3,0.054662537458449956,1
609,Puntarenas,Parrita,0.753398983113903,0.753398983113903,0.884064104453724,2,2,1,0.11593589554627604,3
610,Puntarenas,Corredores,0.714909442272113,0.660553577079333,0.920531755217383,1,1,2,0.07946824478261705,2
611,Puntarenas,Garabito,0.742904477068787,0.737209707313972,0.999661676407522,2,2,4,0.0003383235924779848,0
612,Puntarenas,Monteverde,0.794036164040095,0.793906182570385,1.01960690429507,3,3,4,0.01960690429506995,0
613,Puntarenas,Puerto Jimenez,0.818597894840084,0.818597894840084,0.972012661444306,3,3,3,0.02798733855569402,0
701,Limón,Limón,0.724866640474014,0.703286684789095,0.969396250383617,1,1,3,0.030603749616383014,0
702,Limón,Pococí,0.753700628311772,0.73628349616584,0.873279446015511,2,2,1,0.126720553984489,3
703,Limón,Siquirres,0.756249245409699,0.74064268421075,0.909383146317111,2,2,2,0.09061685368288896,2
704,Limón,Talamanca,0.725045571582004,0.711021157687661,0.912355597214079,1,2,2,0.087644402785921,2
705,Limón,Matina,0.661014223334815,0.659588560667568,0.808940924656913,1,1,1,0.19105907534308697,4
706,Limón,Guácimo,0.709976355411244,0.698846391675398,0.904122895406079,1,1,2,0.09587710459392096,3
