cod_canton,provincia,canton,area_km2,IDH_2024,ISC_2025,IPM_2024,IVDAC_2024,ICC_2024,pob_2024,pob_2023,pea_2024,PIB_2022_mill_crc,UJ_total_2024,UJ_total_2022,PIB_percapita_2022,UJ_por_1000hab_2024,PIB_percapita_2022_pob2023,UJ_por_1000hab_2024_pob2023,IDH_2022,ISC_2022,IVDAC_2022,ICC_2023,UJ_por_1000hab_2022_pob2023,Pilar_Economico,Pilar_Gobierno,Pilar_Empresarial,Pilar_Infraestructura,Pilar_Laboral,Pilar_Innovacion,Pilar_CalidadVida,Red_vial_pavimentada_pct,Cobertura_movil_pct,Velocidad_movil_pct,Llamadas_completadas_pct,Internet_hogares_pct,Entidades_financieras_xkm2,Log_viviendas_electricidad_xkm2,Log_gasto_vial_xkmrvc,IVDAC_oferta_trafico,IVDAC_demanda,IVDAC_manifestacion_violencia,IVDAC_institucional,region_bccr,densidad_pob_2024,ln_densidad_pob_2024,ln_area,ln_pob_2024
101,San José,San José,44.62,0.814500897738676,0.70904142117354,0.0461572271010037,0.702761104983901,66.018798828125,352298.484914735,354025.0,185991.0,8061933.974633149,48943,60795,22.883816762891662,138.92480977272845,22.772216579713717,138.24729891956784,0.787873847642911,0.784623422173329,0.518033156963299,67.8785247802734,171.7251606524963,66.9229736328125,62.7404441833496,67.3998107910156,82.3671340942383,67.6175689697266,69.5483932495117,45.5352935791016,100.0,85.6336059570313,43.6944999694824,69.6494445800781,81.0659027099609,100.0,96.8116607666016,56.310417175293,1.0,0.476410917700403,0.934633502235202,0.4,Central,7895.528572719297,8.974051874761438,3.7981821890043865,12.772234063765824
102,San José,Escazú,34.53,0.91395057800921,0.98253547275172,0.0294885208624327,0.21547419754888,71.9805374145508,70903.348646244,71746.0,36836.0,1994297.058070064,12657,15347,28.126979841532616,178.51060974777366,27.79663058665381,176.41401611239652,0.883739401694961,0.940883332427297,0.172412782706973,68.5653076171875,213.9073955342458,80.3993911743164,75.2723922729492,66.0081176757813,74.0186538696289,58.637020111084,79.9899597167969,69.5382232666016,75.3193588256836,60.3678932189941,50.7387466430664,57.5467834472656,100.0,41.9095001220703,77.2450561523438,99.9999771118164,0.156736260595676,0.168644088889613,0.336516440710231,0.2,Central,2053.383974695743,7.627244430556503,3.541828511401901,11.169072941958403
103,San José,Desamparados,118.91,0.800240775186397,0.92952475178278,0.030919748210113,0.479550576918485,51.2223777770996,244173.396489553,251324.0,126764.0,961782.6364857332,10576,13765,3.9389329481145308,43.313481943773084,3.8268634769689056,42.081138291607644,0.77759439411288,0.935812328707536,0.408070203671674,53.335693359375,54.76993840620076,28.9970951080322,29.9387969970703,32.7069091796875,82.9257583618164,69.3275146484375,49.9815521240234,64.6790237426758,63.0322227478027,100.0,93.1340484619141,86.7027130126953,65.839111328125,5.74791288375855,74.50927734375,18.2988739013672,0.81836731567825,0.30896288448677,0.390872107508919,0.4,Central,2053.4302959343454,7.627266988790478,4.778366904449488,12.405633893239965
104,San José,Puriscal,555.02,0.800816395008548,0.901867276413838,0.0298642995180177,0.328205349362983,42.2429428100586,39069.2826194758,38872.0,20112.0,131375.19933617412,1557,1968,3.3626212340710953,39.85228024698475,3.379687161354551,40.054537970775876,0.777582068905522,0.895863107867228,0.282224335559027,42.6156234741211,50.62770117308088,28.7908916473389,41.9205513000488,27.8627490997314,42.6750450134277,60.2967720031738,32.6033363342285,61.5512542724609,14.4695177078247,61.4219245910645,35.5568580627441,51.7915382385254,31.5360507965088,0.362119823694229,24.9189453125,51.168514251709,0.0619525574425511,0.578726118561117,0.122142721448264,0.55,Central,70.39256714978885,4.254087677331328,6.319004149133188,10.573091826464516
105,San José,Tarrazú,291.27,0.755295656093119,0.976008310119945,0.0826241191144547,0.290291904213708,39.3525924682617,17990.1756830942,18908.0,9171.0,101427.39837430228,1642,1844,5.637932622837922,91.27203807926273,5.3642584289349635,86.84154855087793,0.735621652241579,0.972922847375117,0.295224976564886,39.0774269104004,97.52485720330019,37.3148155212402,43.9865684509277,10.1666135787964,49.0290908813477,33.716968536377,38.0824127197266,63.1716728210449,20.4900569915772,68.1710357666016,67.8065338134766,80.4959259033203,27.7633247375488,0.690050423145294,21.7459487915039,30.3957939147949,0.0536056559907104,0.50756196086412,0.0,0.6,Central,61.76460220103066,4.123330420443964,5.674250672050163,9.797581092494127
106,San José,Aserrí,168.26,0.794624761464801,0.925447352434989,0.0388773787620771,0.443198570409408,42.0841407775879,62687.9486110922,64920.0,32534.0,146549.8663366766,2181,2830,2.337767778075699,34.79137614680356,2.257391656449116,33.59519408502773,0.773196396943943,0.898605339376185,0.406262634103902,40.0155830383301,43.59211337030191,14.5214853286743,28.4631938934326,31.0251388549805,57.1322326660156,56.1096496582031,43.716983795166,63.620288848877,21.2569618225098,76.4474716186523,61.7817573547363,68.2151412963867,38.5556373596191,0.955621063709259,48.782154083252,35.9423866271973,0.302528805954494,0.391894858527718,0.22837061715542,0.85,Central,372.5659610786414,5.920414098864567,5.125510402122668,11.045924500987235
107,San José,Mora,163.47,0.858365996441958,0.923322261442979,0.0350487365175704,0.286162308133625,47.481689453125,28730.9952515327,30956.0,15901.0,227401.19520416745,2040,2567,7.9148387730159255,71.0034574904318,7.345948934105422,65.89998707843391,0.835937588327708,0.978120276978427,0.349313921720094,46.069278717041,82.92415040702933,46.1862564086914,46.092658996582,31.9052257537842,51.4631423950195,57.4831848144531,45.6255683898926,53.6157989501953,23.8209629058838,53.7513656616211,40.8754501342773,54.4870796203613,63.7026290893555,1.22945296764374,40.533073425293,45.7253532409668,0.0725252992815494,0.52212393325295,0.0,0.55,Central,175.75699058868722,5.169102305653294,5.096629487263117,10.26573179291641
108,San José,Goicoechea,31.7,0.809666849367857,0.920748565913876,0.0361143045044856,0.376530074969931,55.34326171875,139708.297430376,141800.0,73033.0,1077348.5657354991,7925,9941,7.711414322205155,56.72533518597523,7.597662663861066,55.888575458392104,0.786036127749148,0.913065065440173,0.312651343596481,55.9379425048828,70.10578279266574,47.3417549133301,41.739933013916,35.3497772216797,81.591423034668,64.0932846069336,57.9299392700195,59.3567085266113,99.4977645874023,81.4997406005859,46.4045028686523,72.3324661254883,84.9558486938477,22.825475692749,86.7348327636719,52.1765480041504,0.237052001232276,0.385926553748253,0.683141744899192,0.2,Central,4407.201811683785,8.39099525723207,3.456316680883235,11.847311938115306
109,San José,Santa Ana,61.42,0.906830327783547,0.910667410365794,0.0263333654863372,0.2844906339014,61.8384513854981,61701.0087259139,62538.0,31185.0,2023369.9902334537,8114,10038,32.79314280292561,131.5051433930964,32.35424846067117,129.7451149700982,0.89480720939612,0.922999034231364,0.235921959764501,62.7193298339844,160.5104096709201,73.1481018066406,56.7758140563965,47.5933036804199,71.8631210327148,51.2222366333008,66.8042831420898,65.4623031616211,54.6396255493164,12.137113571167,97.821403503418,83.6319198608398,100.0,9.8172082901001,64.8837890625,60.5403709411621,0.450547191700469,0.310074169057047,0.0773411748480848,0.3,Central,1004.5751990542803,6.912320043627451,4.117735515012677,11.030055558640127
110,San José,Alajuelita,21.47,0.758261893368289,0.914916887453922,0.0550704643556415,0.63400317893833,44.737922668457,96711.6441973667,98409.0,48376.0,198618.61227500896,2191,3019,2.0537197348198637,22.654976225289502,2.0182972317065406,22.26422380066864,0.740239255528497,0.920002232059199,0.356662532400509,42.9423866271973,30.678088386224836,20.4246253967285,24.0748481750488,43.9773101806641,69.7179718017578,55.5845260620117,48.1931610107422,51.1930084228516,75.8801956176758,73.8535842895508,27.5514545440674,89.511116027832,42.216854095459,3.74459218978882,83.4995422363281,50.6854057312012,0.479668603432447,0.456344112320875,1.0,0.6,Central,4504.501359914611,8.412832477992795,3.0666566118906897,11.479489089883485
111,San José,Vázquez de Coronado,223.93,0.848179413643525,0.955929456564006,0.0219549023203575,0.347880927443685,45.3937301635742,71683.8755846546,73532.0,37214.0,324300.5864353442,4237,5348,4.524038129779458,59.10673726054812,4.410332731808522,57.62117173475494,0.833364591224813,0.987362483556792,0.228768616829993,45.3432579040527,72.73023989555567,21.4408397674561,38.0925369262695,31.0071048736572,68.3129348754883,53.7051048278809,45.7638778686523,59.4337043762207,55.4769973754883,72.036491394043,38.9680099487305,75.469367980957,94.4407348632813,1.25658631324768,46.3003387451172,57.463680267334,0.0396941535709759,0.485259097153476,0.0665704590502871,0.8,Central,320.1173383854535,5.768687611036733,5.41133350301674,11.180021114053472
112,San José,Acosta,342.56,0.76168580636429,0.945923430946519,0.0400245399214365,0.399803263055608,38.7364311218262,21955.1029158777,22377.0,11410.0,75580.7234103193,870,1087,3.4425128271960923,39.62632301626904,3.3776075171077133,38.879206327926,0.734094096244451,0.982219668730573,0.360199027622709,40.5022468566895,48.57666353845466,26.2957572937012,39.7263374328613,25.1691818237305,38.5058670043945,41.5073280334473,36.4615898132324,63.488956451416,8.1677770614624,47.0893516540527,38.4742126464844,80.4011383056641,6.51205492019653,0.352039337158203,23.9706649780273,17.4764137268066,0.144679625165239,0.554533427057194,0.0,0.9,Central,64.09126259889567,4.160308045726136,5.836446824841373,9.996754870567509
113,San José,Tibás,8.27,0.809493696582508,0.944884271292786,0.026833920242428,0.345122366697754,59.2566986083984,85124.0366233938,86628.0,44716.0,610637.2226127231,5054,6367,7.173499364395834,59.37218440849948,7.048959027251271,58.341413861569,0.789038169462187,0.90841372492498,0.403073383465036,57.688648223877,73.49817610934109,48.8022308349609,43.2316780090332,52.9902801513672,84.989143371582,51.6899642944336,61.4637298583984,71.6298751831055,100.0,79.4441375732422,46.164478302002,77.7148284912109,91.8857421875,58.3287048339844,100.0,66.9441833496094,0.199769174747388,0.306481466279924,0.224238825763705,0.65,Central,10293.112046359589,9.239230217152688,2.1126345090356,11.351864726188287
114,San José,Moravia,28.82,0.866724931692289,0.916712293224245,0.020119040975269,0.236082521336632,58.400936126709,61582.7754449824,63509.0,32612.0,396995.90197377134,5419,6810,6.446541246398428,87.99538443734636,6.251017997036189,85.32648915901683,0.843967203792992,0.930660431622658,0.294473794399381,58.4032821655273,107.22889669180746,47.8428039550781,44.6375007629395,38.9689712524414,73.8656387329102,64.9479141235352,63.9569854736328,74.5867462158203,92.4447631835938,62.2979278564453,41.5732498168945,44.3500556945801,100.0,16.7376251220703,76.6786804199219,66.12939453125,0.14430865176738,0.240062782336648,0.3099586512425,0.25,Central,2136.8069203671894,7.667067900449806,3.361069590571376,11.028137491021182
115,San José,Montes de Oca,15.78,0.891613552541307,0.933767393005423,0.0135640163083291,0.263892533123488,63.2064895629883,61195.4109892075,62946.0,33278.0,1350329.8068134713,8955,11005,22.065867113003247,146.33450213414392,21.452194052258623,142.26479839862742,0.877095353031251,0.949800356369069,0.327155698331978,63.2519683837891,174.8323960219871,62.5176963806152,41.4951553344727,53.4399528503418,80.8122406005859,67.9109954833984,69.7251663208008,66.5442276000977,89.2562942504883,59.0789451599121,48.2161636352539,82.2938690185547,100.0,45.8534545898438,87.1256103515625,69.8917236328125,0.390264014548286,0.259345779513891,0.155960338431773,0.25,Central,3878.0361843604246,8.263084166434782,2.7587433154177283,11.02182748185251
116,San José,Turrubares,416.25,0.805214854927305,0.979809043532606,0.0537000118070641,0.477102269706253,34.0588302612305,7350.59047908974,7100.0,3678.0,17647.859176053662,188,246,2.4008763957476082,25.576176571773996,2.4856139684582623,26.47887323943662,0.812383418391292,0.717349632674062,0.551288934507138,35.7995643615723,34.64788732394366,17.9073314666748,56.1760520935059,25.5841827392578,23.4439010620117,28.0622940063477,35.6370964050293,51.6009559631348,1.20044457912445,0.0,36.9490051269531,66.9413909912109,0.0,0.0049999998882412,1.30427598953247,45.8850212097168,0.0634364510339895,0.295769204236256,0.649203423554765,0.9,Central,17.659076226041417,2.8712498849764825,6.031286041294654,8.902535926271137
117,San José,Dota,404.44,0.756406448838213,0.860310775776186,0.0748343676142056,0.296960793600363,40.3537063598633,7798.45138620831,8092.0,3961.0,37884.49470361098,658,766,4.857950999170211,84.37572633506235,4.681722034554001,81.31487889273356,0.721013476675631,0.964495327030447,0.322388455819991,40.0152091979981,94.66139396935245,40.8443222045898,53.4667053222656,25.8927307128906,37.3384284973145,35.5159111022949,34.0504455566406,55.3674087524414,6.208580493927,83.996826171875,67.2131805419922,32.9277229309082,33.5870666503906,0.29817670583725,6.12607860565186,49.5954780578613,0.0139115024197345,0.473931671981719,0.0,0.7,Central,19.282097186747876,2.9591770585130606,6.002503394223198,8.961680452736259
118,San José,Curridabat,16.06,0.868500387502542,0.91676860904188,0.0357767249632985,0.241726656080557,63.5967254638672,79242.0613531113,81193.0,41166.0,959365.6350198134,8258,10085,12.106772825416227,104.21233192308624,11.815866331085358,101.7082753439336,0.848624022361741,0.952319148672704,0.285076770781661,64.8115386962891,124.21021516633208,63.418586730957,58.7737197875977,47.530403137207,84.2546539306641,58.7471046447754,70.1653289794922,62.2872772216797,100.0,68.0308151245117,41.4491844177246,91.6989212036133,100.0,42.5510215759277,88.8888397216797,80.2866363525391,0.135961750315539,0.200282164480137,0.180662709526552,0.45,Central,4934.125862584764,8.503930806002852,2.7763317085186157,11.28026251452147
119,San José,Pérez Zeledón,1901.08,0.769934629539999,0.831443036727253,0.0506952421554247,0.384939369848637,46.3677024841309,133935.424704047,143293.0,72037.0,692119.0612016355,9003,11138,5.167557893895433,67.21896033027596,4.830096803065296,62.82930778195725,0.721143428115831,0.822532184071549,0.391032756537227,45.0533752441406,77.72884928084414,34.6797714233398,34.3094215393066,27.9404850006104,48.9986457824707,66.6919937133789,39.8566017150879,72.0970077514648,4.68015480041504,36.6969184875488,40.4514923095703,72.0773468017578,67.2525253295898,0.761217355728149,27.6212635040283,13.9365081787109,0.479668603432447,0.503200907046064,0.106887968916037,0.45,Brunca,70.45228223117755,4.254935632868633,7.55017742471711,11.805113057585743
120,San José,León Cortés Castro,121.89,0.766940535076008,0.893960626203313,0.07244256977066,0.35351213649175,37.9387130737305,13444.7850015614,14097.0,6603.0,88386.58113066849,853,1038,6.574041988801143,63.444673894073986,6.269885871509434,60.50932822586366,0.718624628137572,0.967519643988011,0.342653483101791,33.1595039367676,73.63268780591615,22.83078956604,50.2789878845215,2.84511876106262,43.9418029785156,37.7020988464356,38.7756309509277,69.1965713500977,15.0715007781982,82.3800430297852,85.0593185424805,50.0576477050781,4.5010929107666,0.65952742099762,30.659553527832,49.9958267211914,0.0289359250330478,0.485112620933951,0.0,0.9,Central,110.30260892248256,4.703227578948747,4.803118998667745,9.506346577616492
201,Alajuela,Alajuela,391.62,0.833575618846815,0.848420972300311,0.0358523320617833,0.56245801591793,64.3559036254883,325535.314369906,325567.0,164484.0,4518916.906124925,20297,25151,13.881495206968781,62.34961033117441,13.880144198045027,62.34354218947252,0.802324270557824,0.828812008068586,0.562693846845169,64.7925262451172,77.25291568248625,65.461067199707,62.1443252563477,36.131763458252,65.7417755126953,76.6398620605469,85.848388671875,58.5241584777832,87.5482559204102,62.6091346740723,37.4733123779297,57.9750480651856,59.4237670898438,4.82448148727417,61.7725563049316,86.9123229980469,1.0,0.377333635828234,0.322498427843488,0.55,Central,831.253037050983,6.722934245558557,5.970291981875181,12.693226227433739
202,Alajuela,San Ramón,1021.74,0.81037374279489,0.832839804943119,0.0440010289487847,0.551565465277664,47.7991561889648,91936.2542568401,96709.0,49118.0,390786.5699246937,5356,6743,4.250625317330883,58.25775743524499,4.04085007522251,55.38264277368187,0.79511991072073,0.768905981950723,0.354624605067494,47.8563690185547,69.72463783101882,36.5831832885742,37.3118705749512,29.9735946655273,48.0546760559082,64.3673248291016,44.8783149719238,73.4251251220703,22.3802528381348,67.7558441162109,29.0760040283203,57.4237632751465,44.9919776916504,0.432767480611801,28.5140609741211,17.3808555603027,0.703922022438567,0.425658078593017,0.726681760079073,0.35,Central,89.98008716193954,4.4995883920938144,6.929262335266568,11.428850727360382
203,Alajuela,Grecia,142.47,0.827441075847335,0.936805245283026,0.0385422548831327,0.408615509179618,54.8780860900879,80425.3777349169,97310.0,40553.0,508069.3775069723,4689,5749,6.317276857331969,58.30249272132741,5.22114250854971,48.186209022710926,0.805433074525255,0.911491047379747,0.362978140453096,52.8327140808106,59.07923132257733,54.1192932128906,43.0611228942871,31.1036052703857,58.1533622741699,67.3883209228516,67.1290969848633,63.1917915344238,81.2056121826172,55.5244560241699,27.6398544311523,38.6041221618652,48.6451301574707,2.82151985168457,55.7337989807129,47.3033332824707,0.526411251562755,0.348715925456299,0.0593348596994196,0.7,Central,564.5074593592819,6.3359535976021135,4.9591314512291405,11.295085048831254
204,Alajuela,San Mateo,125.03,0.753973633234521,0.784870760601276,0.0518159318971093,0.296749115800799,47.4162979125977,7506.67668616861,7338.0,3784.0,20837.94492178302,273,356,2.7759214620469628,36.36762463781273,2.8397308424343173,37.20359771054783,0.705167775924304,0.960856933296551,0.236510277718204,47.7118148803711,48.5145816298719,44.6327133178711,57.0005035400391,30.1202507019043,48.0261077880859,50.0231704711914,35.7244644165039,66.3868713378906,24.8753032684326,53.5098266601563,59.5292701721191,38.6017837524414,43.9175491333008,0.0049999998882412,20.4320526123047,52.2607383728027,0.0263391112480307,0.260657351955165,0.0,0.9,Pacífico Central,60.03900412835807,4.094994419824868,4.828553708506909,8.923548128331777
205,Alajuela,Atenas,126.31,0.867123928097109,0.897886608090777,0.0307603062603436,0.408318566092561,48.3459930419922,30387.0109153942,30147.0,15440.0,127204.99517258292,1855,2369,4.186163473819674,61.045820043466286,4.219490999853482,61.531827379175375,0.83955997834009,0.851844478694062,0.324723605573784,48.8018493652344,78.58161674461805,36.6223564147949,46.4777297973633,32.2395095825195,51.6617774963379,59.0302505493164,50.253776550293,62.1365547180176,54.9767379760742,58.277946472168,35.2164611816406,31.7879085540772,53.3709297180176,1.59112572669983,43.437385559082,36.3012924194336,0.225551825898629,0.536597274091932,0.471125164379684,0.4,Central,240.57486276141398,5.483031320781589,4.8387392027858835,10.321770523567473
206,Alajuela,Naranjo,127.01,0.794120701298094,0.978828302059394,0.0419576048554376,0.209382203572583,48.7785758972168,50096.6949591677,50234.0,25363.0,172770.04295261708,2410,3007,3.4487313602910676,48.10696597778193,3.4393049120638826,47.97547477803877,0.771573200382904,0.905062196383391,0.31577353730821,47.8622207641602,59.8598558745073,38.0448112487793,44.4853019714356,30.4735717773438,52.0146102905273,57.2254981994629,52.86474609375,66.3414993286133,59.6807250976563,57.0387229919434,34.124885559082,31.2028141021729,33.3609237670898,2.53157186508179,49.0825347900391,48.7393951416016,0.199027227951669,0.338501586338664,0.0,0.3,Central,394.43110746529953,5.977444492501798,4.844265823516229,10.821710316018025
207,Alajuela,Palmares,38.94,0.810258271689201,0.955390453847798,0.027548948954157,0.330897946894506,50.1482200622559,42451.9742033654,42217.0,21529.0,208171.52984612013,2573,3129,4.903694910603646,60.60966652985539,4.930988223846321,60.94701186725727,0.790226404051343,0.927856213496468,0.223192044451302,49.7194061279297,74.1170618471232,38.6052322387695,39.9338226318359,33.9277305603027,64.512939453125,60.788459777832,49.2720489501953,63.9973106384277,65.3516311645508,66.7702255249023,50.9014663696289,62.736083984375,53.1649284362793,5.16155529022217,64.9614486694336,57.332878112793,0.275447747910744,0.460913892396827,0.337230147270453,0.25,Central,1090.1893734813918,6.9941066972715324,3.6620219999440535,10.656128697215586
208,Alajuela,Poás,74.48,0.797867145041301,0.976776972454983,0.0414551531961477,0.288297952091048,48.9472160339356,35326.3880419904,35362.0,17565.0,166824.9130803861,1674,2038,4.722388059659287,47.386673044813264,4.71763229117092,47.33895141677507,0.748883804846455,0.870321868603227,0.43071807564888,47.6017761230469,57.63248685029127,38.8445205688477,42.0578994750977,35.3251800537109,58.7270927429199,54.1010665893555,52.8803596496582,60.6943855285645,83.2505798339844,37.2094421386719,42.9439010620117,64.3060455322266,31.1489372253418,2.69859004020691,52.9756011962891,44.1800537109375,0.138558564100556,0.264633244263635,0.0,0.75,Central,474.30703600953814,6.161854867286553,4.310530632968812,10.472385500255363
209,Alajuela,Orotina,145.11,0.796856211212418,0.779726589343413,0.0400300525521101,0.581021164179028,47.5485229492188,24995.1113609038,24764.0,12337.0,101212.19294511428,1040,1279,4.049279536454705,41.6081362864708,4.087069655351085,41.996446454530776,0.75253985785119,0.792915623496105,0.280426137884536,51.4524688720703,51.64755289937005,61.522819519043,49.5650787353516,33.327392578125,55.6435394287109,47.3962936401367,30.7543277740479,54.6302032470703,30.8981170654297,59.8699035644531,38.1720848083496,64.1842498779297,59.3562240600586,1.66211271286011,37.3093948364258,74.9059371948242,0.699470341664252,0.260940421341859,0.763673893710001,0.6,Pacífico Central,172.24940638759423,5.148943463661961,4.977492075503002,10.126435539164964
210,Alajuela,San Carlos,3352.15,0.806722643477325,0.842406550988602,0.0748033739342136,0.395172622028487,49.0851593017578,209952.36142776,209017.0,101579.0,1210334.1479132266,11175,14037,5.764803690144138,53.22636013239161,5.790601472192342,53.464550730323374,0.794611330684923,0.834661426032622,0.348411718211792,49.1242752075195,67.15721687709612,44.7497253417969,40.6245651245117,33.4512825012207,55.1032829284668,63.3115921020508,41.3640365600586,64.9916381835938,6.86771488189697,68.8876876831055,42.5745964050293,84.0295944213867,62.7275772094727,0.539631068706513,20.9209995269775,28.0626087188721,0.551266469219347,0.29304941071999,0.136374608174609,0.6,Huetar Norte,62.63214994190594,4.137278723617084,8.11735721000409,12.254635933621174
211,Alajuela,Zarcero,157.36,0.812855378705257,0.978414701446153,0.0482820330281705,0.263474801179192,45.4820594787598,14775.2588917292,14766.0,7319.0,112093.28471036784,1080,1270,7.586553002676299,73.0951659063352,7.591310084678846,73.14099959366112,0.800118941175018,0.945385495964523,0.296951481570524,45.0219459533691,86.00839767032372,39.9936752319336,50.8875007629395,32.0482597351074,41.5306625366211,44.1174583435059,50.2568778991699,59.5399742126465,15.1977624893188,31.4477233886719,25.8262100219727,54.8618087768555,35.5252113342285,1.53272235393524,28.1411170959473,31.8665199279785,0.012613095527226,0.191286109189542,0.0,0.85,Central,93.89462945938737,4.5421731903228375,5.058536174080804,9.600709364403642
212,Alajuela,Sarchí,136.76,0.776134620652117,0.940912142444081,0.042728607005442,0.287311109674282,48.7269325256348,22736.1414994956,22797.0,11557.0,111290.822041383,894,1078,4.89488605812257,39.32065605854157,4.881818749896171,39.21568627450981,0.753362992144858,0.89246428843433,0.349100024850582,47.1381340026856,47.28692371803307,41.784610748291,50.8842964172363,30.9960556030273,55.1335029602051,44.714412689209,54.3226356506348,63.2530250549316,61.6863594055176,44.9799003601074,41.1549911499023,68.563362121582,33.3873672485352,0.881732702255249,36.4477424621582,66.9422760009766,0.0858803416044945,0.363364097092632,0.0,0.7,Central,166.2484754277245,5.113483509134364,4.918227564771101,10.031711073905464
213,Alajuela,Upala,1592.67,0.732207325515978,0.860696591096475,0.111683428288634,0.385172770498959,36.7429046630859,56595.6727093407,56173.0,26583.0,175257.27696904005,1501,2004,3.096655072360596,26.521462298163847,3.119955796717997,26.72102255532017,0.721034922747109,0.865383418440466,0.374506925553158,37.1216011047363,35.67550246559735,29.2686405181885,24.7111301422119,25.9322242736816,49.354663848877,37.2566833496094,30.7560539245605,59.9209327697754,1.36676347255707,70.2473068237305,54.363883972168,81.5712280273438,25.4815940856934,0.151436060667038,12.7370519638062,9.4621114730835,0.0955256499488438,0.560847527943584,0.0843179041034093,0.8,Huetar Norte,35.53509057704402,3.5705206752285865,7.373167132141366,10.943687807369951
214,Alajuela,Los Chiles,1332.71,0.685815336372769,0.758338929572492,0.188179463310223,0.392441541544699,31.7370147705078,36830.3295427301,35941.0,16522.0,109791.95498724924,706,922,2.98102016328336,19.168984061923947,3.054782977303059,19.64330430427645,0.66159099861559,0.75990962391805,0.384813016950491,32.7644309997559,25.653153779805795,29.0371322631836,29.8115043640137,27.9251804351807,44.0973854064941,23.1618785858154,12.674467086792,55.4515609741211,0.75480991601944,80.2107772827148,48.1257133483887,89.8849487304688,27.0705795288086,0.0301627479493618,7.40955400466919,5.41499048267724e-07,0.0619525574425511,0.419109904743777,0.388703703992467,0.7,Huetar Norte,27.6356668312912,3.3191072149485525,7.194969742121723,10.514076957070275
215,Alajuela,Guatuso,752.83,0.715091043970686,0.795070821022145,0.0869984688487907,0.383042332381702,38.5434341430664,19867.6436389979,19916.0,9648.0,47325.49650175386,669,865,2.382038723951106,33.6728407332025,2.3762550964929634,33.59108254669613,0.688997729160138,0.952665873711139,0.37243029214523,35.583366394043,43.432416147820845,23.0452480316162,44.1120300292969,29.1552410125732,50.9884414672852,28.5511989593506,30.0587978363037,63.8930740356445,2.91902732849121,76.1808319091797,65.3472442626953,77.8994827270508,27.5619831085205,0.160188347101212,7.29571294784546,28.8614807128906,0.0693720253997429,0.612797304127064,0.0,0.85,Huetar Norte,26.39061094669168,3.2730083009365996,6.623839438699235,9.896847739635835
216,Alajuela,Río Cuarto,254.89,0.770049457005558,0.892840931563296,0.0608102285170881,0.318978589575951,45.6533203125,17781.4902712971,,8590.0,56564.26319599312,774,968,3.1810755079004376,43.52841005961078,,,0.748540877678222,0.879241434246809,0.30903899428947,,,40.9790115356445,44.777027130127,49.0108261108398,45.2002487182617,52.9173393249512,23.0053882598877,63.6833877563477,15.898021697998,66.0747146606445,34.9869728088379,47.9807929992676,33.5765953063965,0.0049999998882412,18.1698379516602,45.9637794494629,0.048597515119606,0.15894628304745,0.268370560136747,0.8,Huetar Norte,69.76142756207423,4.245081243297222,5.540832079541503,9.785913322838725
301,Cartago,Cartago,278.63,0.847401219385358,0.854583418321063,0.0378735049055782,0.325913002185421,63.2738189697266,162917.634052082,167179.0,85153.0,1841491.276108601,11472,14242,11.303204142529516,70.41595016247656,11.015087278357933,68.62105886504884,0.81550836080713,0.848068129353743,0.289649448469108,64.1404724121094,85.19012555404686,68.5013732910156,48.4743003845215,33.7567825317383,70.034553527832,69.9502563476563,83.1271438598633,69.0723190307617,38.0937232971191,88.543830871582,74.2884674072266,72.6297988891602,63.434253692627,4.76042652130127,55.7599067687988,40.5754547119141,0.505265767884758,0.31760259570264,0.380783645154285,0.1,Central,584.7095935544701,6.371115302699612,5.629884736811954,12.001000039511567
302,Cartago,Paraíso,476.99,0.82122400574703,0.90514422777475,0.0350069551887803,0.42685141279379,50.046688079834,61406.7451341172,64193.0,31818.0,290268.8068144675,2502,3122,4.726985711105472,40.744709633044934,4.521814011098835,38.976212359603075,0.792698347204069,0.903271668569828,0.267876214653423,49.0961761474609,48.63458632561183,42.1005554199219,41.2262687683106,34.5010643005371,60.5114250183106,56.7210006713867,50.7765655517578,64.4899291992188,40.7898445129395,81.9622802734375,54.5519523620606,74.7934494018555,42.6475830078125,0.4213647544384,32.7008934020996,25.3533058166504,0.153953960111729,0.354045519253401,0.69940617181003,0.5,Central,128.73801365671648,4.857779437398064,6.167495526307999,11.025274963706064
303,Cartago,La Unión,44.18,0.863967016911709,0.89769719935535,0.0370191796167392,0.342232553341456,56.6459159851074,113862.04590936,115619.0,58479.0,634391.1150039589,6953,8775,5.571576638531216,61.065124418499764,5.4869105856646305,60.137174685821535,0.841346446435385,0.900667741287923,0.364289985323938,52.8935775756836,75.89583027011132,56.5631942749023,47.4261932373047,35.2814979553223,72.6491928100586,54.0198440551758,62.2632102966309,68.3182907104492,93.19482421875,69.8563537597656,50.5740509033203,37.0660514831543,82.484504699707,10.0086059570313,77.266357421875,75.5603713989258,0.231858373662242,0.334144445480621,0.50292739422296,0.3,Central,2577.2305547614305,7.854470672991752,3.788272197991971,11.642742870983723
304,Cartago,Jiménez,250.07,0.768912385807482,0.979458462940032,0.0449697860154212,0.40583059589141,40.5328254699707,15810.9602427005,16379.0,8224.0,115929.27468622784,370,491,7.332209613249095,23.401488228447047,7.077921404617366,22.589901703400695,0.744979131293297,0.836249498295855,0.277108541483307,37.7306137084961,29.9774100982966,13.8451976776123,48.2109146118164,25.769359588623,49.5114250183106,40.8884658813477,34.4123115539551,71.0920944213867,11.2387981414795,69.1596832275391,69.8814392089844,76.4174728393555,7.01155662536621,0.0049999998882412,24.6971225738525,39.8136596679688,0.0639929111307789,0.357511718742307,0.301817753692553,0.9,Central,63.22613765225937,4.1467177861032685,5.521740878669562,9.66845866477283
305,Cartago,Turrialba,1589.25,0.802503553061161,0.861627959462672,0.0958454349491963,0.569992843973112,42.1530990600586,68965.4720080658,73446.0,36347.0,354888.04935164173,3238,4170,5.1458800906943125,46.95103079438508,4.831958845296432,44.08681207962312,0.785936569229362,0.839720041938453,0.325852848489034,41.1650466918945,56.77640715627808,32.7216567993164,40.0769958496094,28.2091674804688,50.4552154541016,56.8948249816895,26.4581489562988,60.255672454834,5.33479452133179,69.1421127319336,76.9151840209961,76.7530975341797,29.0332736968994,0.202351778745651,20.1174259185791,41.1208267211914,0.286391463147602,0.394051949722883,0.899527963021963,0.7,Central,43.39498002709819,3.7703437668379665,7.371017485816518,11.141361252654484
306,Cartago,Alvarado,79.18,0.840620059107419,0.936407593682095,0.0565232618895922,0.387537946657422,47.4019470214844,15180.4973522278,15704.0,7768.0,90704.80669556448,731,903,5.975087942836944,48.15389002342026,5.775904654582557,46.54865002547122,0.788775247397228,0.975219176669051,0.28339860249106,45.425422668457,57.501273560876214,37.4168701171875,44.9540824890137,27.1421184539795,50.1543693542481,43.7162246704102,49.7342147827148,78.6957626342773,18.4185543060303,74.5616226196289,62.9332008361816,49.8795433044434,9.64744853973389,1.01523423194885,39.7046127319336,37.0896987915039,0.106654851884631,0.229144355020534,0.314352579724524,0.9,Central,191.72136085157612,5.25604307238629,4.371723741677985,9.627766814064275
307,Cartago,Oreamuno,202.9,0.81132868350387,0.881116267440282,0.0329822566627737,0.392901143099252,48.0785331726074,48752.5663290699,50874.0,25335.0,149944.03095752126,2117,2662,3.0756130855846555,43.423355105261145,2.9473607531847557,41.61261155010418,0.794478200891644,0.909498446239215,0.31020257237988,46.7658576965332,52.32535283248811,38.2131690979004,39.9299354553223,31.0072765350342,57.3658981323242,48.1474761962891,54.7714424133301,67.1145324707031,47.624942779541,76.7886734008789,46.9418869018555,46.6768608093262,48.8699645996094,0.792512178421021,40.796314239502,46.9494667053223,0.084581934711986,0.343374803519909,0.293647834165112,0.85,Central,240.27878920192163,5.4817998708562365,5.312713246831769,10.794513117688005
308,Cartago,El Guarco,172.0,0.823465483077924,0.916878838403417,0.0338262441565656,0.3164683731434,54.5577735900879,45181.1622099125,47261.0,23447.0,221726.6192686208,2861,3534,4.907501454665439,63.322850941897904,4.691534653702224,60.5361714733078,0.813421374070959,0.873678044499205,0.263066122730336,54.8902015686035,74.7762425678678,48.6913642883301,37.9678688049316,29.8360691070557,55.2314682006836,55.8008575439453,79.676887512207,74.6998977661133,23.8602466583252,84.3704071044922,41.9524116516113,53.7741012573242,50.1274719238281,1.63597321510315,43.9550628662109,36.9879341125488,0.248552176565924,0.356081574895963,0.211239741111713,0.45,Central,262.68117563902615,5.570941036868666,5.147494476813453,10.718435513682119
401,Heredia,Heredia,283.11,0.869531742547576,0.860990938467683,0.0301718316961812,0.46491097770974,64.5118865966797,145753.17484596,147353.0,75757.0,2591032.7246165182,11988,15082,17.776852733087047,82.24863720923801,17.58384779825669,81.35565614544666,0.857025281477311,0.835669936480702,0.26830380466487,63.8569297790527,102.35285335215436,65.3203125,49.9690895080566,41.0757484436035,84.1171417236328,66.3083190917969,82.0758895874023,62.7166862487793,82.2765655517578,87.0236968994141,100.0,66.0528411865234,100.0,5.39535045623779,53.4668998718262,84.9797439575195,0.843778993431632,0.405719667731689,0.360145249675639,0.25,Central,514.8287762564373,6.243834372093768,5.645835514701352,11.889669886795119
402,Heredia,Barva,56.01,0.844612598339763,0.954088398808081,0.0214894155126912,0.250067315793969,50.559513092041,48455.4164761371,48759.0,24551.0,265154.0563668471,2896,3727,5.47212418445372,59.76628023466059,5.438053618139155,59.39416312885827,0.799944322387465,0.905719419176029,0.283954349145671,48.3141746520996,76.43717057363769,42.2016944885254,43.7698669433594,33.2185287475586,71.5727233886719,57.4257354736328,45.7289772033691,59.9990539550781,85.084846496582,48.7075881958008,67.540168762207,47.8422317504883,90.2567520141602,1.43513739109039,62.6160125732422,57.6915435791016,0.0458152146356591,0.354454048540216,0.0,0.6,Central,865.1208083580985,6.762869160021665,4.025530246221741,10.788399406243405
403,Heredia,Santo Domingo,25.4,0.879851666662394,0.935591826897913,0.0159760522868298,0.309018850632759,64.9646682739258,49815.7283148475,50210.0,25836.0,654356.8419671226,4327,5301,13.135547027063991,86.86011720339225,13.032400756166552,86.17805218084047,0.854953720654421,0.894295315448896,0.370497274278059,65.0633163452148,105.57657837084246,63.9670181274414,48.5773506164551,42.0177268981934,80.0268249511719,61.2868919372559,76.8849639892578,81.9919128417969,91.2853927612305,77.4660720825195,58.6410102844238,58.9153480529785,99.9834442138672,7.91303062438965,74.1816787719727,70.0751876831055,0.105912905088912,0.392781664183176,0.28738083325895,0.45,Central,1961.2491462538387,7.5813368687399905,3.2347491740244907,10.816086042764482
404,Heredia,Santa Bárbara,52.1,0.834183399422101,0.923458203483422,0.0272942855025676,0.321855213598517,50.5186767578125,44769.2448830514,44414.0,22279.0,141418.22162385966,2060,2599,3.1588252603607647,46.01373119830905,3.184091088932761,46.38177151348674,0.803724932146006,0.939098056986427,0.276873233609295,47.9204216003418,58.517584545413605,37.4685821533203,47.8962745666504,29.8598556518555,65.6327514648438,52.6221961975098,53.5829772949219,66.5680999755859,78.4630355834961,48.3472633361816,74.5587997436523,38.2086067199707,65.6069564819336,3.08623385429382,60.4444313049316,63.6489143371582,0.0712268923890408,0.466193962005026,0.0,0.75,Central,859.2945275057849,6.756111735749829,3.9531649487593215,10.70927668450915
405,Heredia,San Rafael,48.31,0.877151607384471,0.914173028006611,0.0237745886406276,0.282152515881291,49.7838249206543,56366.5975966746,57163.0,28782.0,352210.0267776279,3183,4029,6.24855928501895,56.469613844277596,6.161503538611128,55.682871787694836,0.852152992788562,0.899742019134788,0.253721920307172,49.9188537597656,70.4826548641604,33.6745872497559,43.232723236084,31.6759796142578,71.1613616943359,53.7606391906738,44.1116371154785,70.8698501586914,81.6452407836914,57.5043067932129,66.9122161865234,42.3715515136719,84.833869934082,2.49626564979553,65.1475448608398,70.4553070068359,0.192535193489126,0.50141429608549,0.0846605739505492,0.35,Central,1166.768735182666,7.0619934422820325,3.8776385785663154,10.939632020848348
406,Heredia,San Isidro,26.67,0.893620459933979,0.985500593253843,0.0223626487193278,0.266168071939616,49.6711196899414,23372.1497920889,23858.0,12081.0,136780.47888436288,1728,2136,5.852284881840903,73.93414877842774,5.733107506260494,72.4285355017185,0.843084130105016,0.914029948443825,0.189711761748333,48.8140029907227,89.52971749517981,46.0770225524902,49.1961936950684,33.6687774658203,64.0314636230469,46.2871742248535,45.7597351074219,62.6774673461914,96.2997894287109,49.4748497009277,43.0014419555664,22.8713893890381,81.5924530029297,3.01448774337769,62.5032615661621,69.3575897216797,0.0960821100456332,0.41859017771283,0.0,0.55,Central,876.3460739440908,6.775761074500124,3.283539338193923,10.059300412694048
407,Heredia,Belén,12.38,0.908713489067584,0.975316899496195,0.0198648892682172,0.209200833462744,73.4033889770508,26400.4363168843,27032.0,13932.0,2005104.3581570212,3165,3880,75.94966742555934,119.88438228863043,74.17521301261546,117.08345664397751,0.892150738690728,0.965338239292995,0.103950382338256,74.81689453125,143.53358981947324,99.8423843383789,69.6760101318359,57.7506103515625,79.0613861083984,60.3824996948242,84.9823226928711,62.1285285949707,100.0,71.0554428100586,40.5042572021484,66.8560638427734,100.0,38.9643287658691,75.2991409301758,80.140754699707,0.134292370025171,0.271755295741556,0.18075566808425,0.25,Central,2132.506972284677,7.665053548896094,2.5160822672564502,10.181135816152544
408,Heredia,Flores,6.75,0.840905410098308,0.983585044553389,0.015387730465346,0.324034369267587,54.4391746520996,22009.6578971217,25655.0,12777.0,515481.90204021113,1993,2460,23.42071396337437,90.55115755618507,20.092843579817234,77.68466185928669,0.852942405461476,0.932044107403251,0.221918995174061,56.9785614013672,95.88774118105633,62.5113716125488,52.1104927062988,40.7632522583008,81.2004318237305,44.8112144470215,39.5956344604492,60.0818290710449,94.9065628051758,68.4383926391602,48.4392585754395,73.9324264526367,100.0,11.9105768203735,83.645393371582,67.6087951660156,0.0435893742485015,0.602548102821846,0.0,0.65,Central,3260.6900588328444,8.089694126449473,1.9095425048844386,9.999236631333911
409,Heredia,San Pablo,8.34,0.889516139284745,0.983476722204224,0.0174743930185232,0.213346611188841,56.1625709533691,30413.0457438652,31659.0,16163.0,222681.54853757416,2590,3265,7.321908841783549,85.16082281967581,7.033751809519384,81.80928014150794,0.853036756152443,0.976299260424942,0.164027761129241,56.1184844970703,103.13023152973878,55.1233406066895,53.446174621582,37.7153015136719,81.3530654907227,44.7714042663574,58.1050071716309,62.6237144470215,91.3649597167969,75.1681671142578,54.3617706298828,63.548397064209,100.0,4.81992769241333,85.3133773803711,77.7006988525391,0.0460007013345889,0.307385743420773,0.0,0.5,Central,3646.6481707272424,8.20156371528236,2.1210632163706555,10.322626931653016
410,Heredia,Sarapiquí,2144.26,0.728174236407159,0.90716984319972,0.0881583404739214,0.503449395309935,37.8785629272461,94754.3035712029,90036.0,42223.0,295008.42431573354,2162,2751,3.113403963694907,22.816905602344175,3.276560756983135,24.01261717535208,0.709584827165719,0.828940248316395,0.479137278517714,36.4450149536133,30.55444488871118,25.92529296875,28.553150177002,27.8954029083252,34.6776008605957,45.9885711669922,42.6315422058106,59.4783821105957,3.3648054599762,57.3608627319336,56.8115463256836,79.384391784668,32.6528778076172,0.149977877736092,10.8874597549438,31.6957836151123,0.173986523596147,0.3854655040186,0.604345553624995,0.85,Huetar Norte,44.18974544654235,3.788492758694791,7.67054978349496,11.459042542189751
501,Guanacaste,Liberia,1442.17,0.791302252330911,0.727252280817077,0.0630796668739325,0.459266343196877,51.1711349487305,80807.241453146,80874.0,39861.0,1005549.40868401,3989,5130,12.443803186463828,49.36438774875045,12.433531279323516,49.32363924128892,0.781260695294158,0.657085263562176,0.409823724185017,50.1618461608887,63.43200534164256,52.4160766601563,35.8137664794922,30.3047332763672,62.8993988037109,67.2401428222656,58.3051109313965,51.2187194824219,24.5754203796387,75.9785308837891,57.9026565551758,100.000038146973,63.5472183227539,0.529594838619232,18.5771160125732,31.2554149627686,0.26060881199636,0.304020831679812,0.472435729111337,0.8,Chorotega,56.031703234116634,4.025917659725135,7.273904202713121,11.299821862438256
502,Guanacaste,Nicoya,1337.57,0.773443406937538,0.636207385839924,0.0579554576631656,0.658217290146886,45.634162902832,58648.8036536389,58117.0,29447.0,282904.58682769566,3164,3978,4.823706012801894,53.948244514680525,4.86784567041822,54.44190168109159,0.775183342072847,0.638107953483153,0.505639107063186,44.6452445983887,68.44813049538001,41.6538314819336,38.4294090270996,31.0766792297363,39.2320938110352,61.9299583435059,39.4268493652344,67.6903076171875,2.38542675971985,25.4688835144043,38.3710670471191,75.2859802246094,36.6485404968262,0.360640525817871,18.9804954528809,12.1134214401245,0.326827563514297,0.556041597073247,1.0,0.75,Chorotega,43.84727801433861,3.7807126419619,7.198609813849256,10.979322455811156
503,Guanacaste,Santa Cruz,1320.81,0.752324195160108,0.636686512115877,0.0463341300856636,0.607401757684181,47.3688850402832,72442.974913997,72412.0,34666.0,410124.827019844,4740,5985,5.6613471148408365,65.4307751114203,5.663768809311219,65.45876374081644,0.757704894821249,0.619213109368408,0.593805783385283,47.9374465942383,82.65204662210684,49.8285293579102,45.1854553222656,33.6630935668945,46.3185615539551,61.2122383117676,34.6767768859863,60.6975479125977,1.81920099258423,51.5139770507813,40.6349678039551,78.7674865722656,51.2589645385742,0.365216821432114,21.2710075378418,45.5086059570313,0.380062246107147,0.543197145291021,0.856347639338555,0.65,Chorotega,54.8473852514722,4.004554514691094,7.186000463746246,11.190554978437339
504,Guanacaste,Bagaces,1277.93,0.745389971021637,0.845471802704435,0.0684898638176287,0.489101102782071,47.3345184326172,25390.6009897136,25203.0,12139.0,167275.1536441752,936,1193,6.588073819597369,36.86403485995461,6.637112789912916,37.138435900488034,0.751699863822465,0.714470767271446,0.539175159401434,47.256290435791,47.33563464666905,30.7151184082031,40.0733299255371,29.3716888427734,51.6826972961426,47.8165397644043,60.7832412719727,70.8990249633789,14.1660242080688,82.2822113037109,70.603401184082,81.570930480957,32.3810958862305,0.125822842121124,2.78359746932983,27.8576374053955,0.0864368017012839,0.368188869552765,0.751778739874235,0.75,Chorotega,19.868538174793297,2.9891374843955227,7.152996860354438,10.14213434474996
505,Guanacaste,Carrillo,599.01,0.753182005265397,0.83346399833103,0.0577049819405919,0.488501469836456,50.0761299133301,49230.8839658532,48641.0,23361.0,300341.9269984793,2317,2994,6.100681174175097,47.06395281480388,6.1746659607836865,47.63471145741247,0.755302508518231,0.755545270933587,0.490221292510981,48.2445106506348,61.5530108344812,54.5682029724121,43.4139633178711,30.7782211303711,58.5124435424805,54.4556694030762,52.6320419311523,56.17236328125,82.2678909301758,46.2374496459961,42.4002456665039,81.7034683227539,42.6550521850586,0.536861777305603,25.1064357757568,36.7128868103027,0.193833600381634,0.525514263531844,0.484658015432348,0.75,Chorotega,82.18708196165873,4.408998135961079,6.395278292466916,10.804276428427995
506,Guanacaste,Cañas,687.05,0.747975347253472,0.784749461086686,0.0468378815823788,0.475547547169501,47.0058517456055,32561.982938916,33739.0,16249.0,160993.5536466706,1344,1689,4.944218352693177,41.27512757811003,4.771734599326317,39.83520554847505,0.739590420859293,0.726671649730522,0.536149929968053,46.2684707641602,50.060760544177356,41.5924491882324,40.1028213500977,30.4792613983154,58.5451889038086,50.1376609802246,48.0742530822754,60.1093406677246,22.9285259246826,83.8176956176758,65.391471862793,84.6391525268555,45.948787689209,0.292546272277832,15.9605960845947,43.7270431518555,0.104614498196404,0.754471396856357,0.293104293625245,0.75,Chorotega,47.39390574036242,3.858493649556657,6.532407069777784,10.390900719334441
507,Guanacaste,Abangares,646.02,0.78289649877353,0.765973228676989,0.0554021894290097,0.60151156468966,47.1742973327637,20064.6751033854,20413.0,9974.0,117679.10546251,835,1072,5.864989333550417,41.61542590137007,5.764909884020477,40.90530544261011,0.753153788753956,0.953749629868887,0.536813442418354,45.014762878418,52.51555381374614,56.1940498352051,48.6973609924316,27.8121643066406,42.4878273010254,36.3089408874512,53.4601936340332,65.2595367431641,9.05663108825684,62.792236328125,49.9987449645996,48.6484870910645,32.7976379394531,0.186673164367676,13.0369052886963,20.6953277587891,0.196059440768792,0.834322150649287,0.47566466734056,0.9,Chorotega,31.058907005023688,3.4358856273081813,6.47083046305568,9.906716090363862
508,Guanacaste,Tilarán,669.23,0.805872381843258,0.966648389412808,0.0398568891036986,0.482932247071149,46.7056541442871,24813.9989996885,22093.0,11106.0,190875.5894175273,1315,1628,7.692254256152886,52.99427956036057,8.639641036415485,59.52111528538451,0.809736638950165,0.811899807726095,0.485314982040353,46.9824523925781,73.68849861947223,29.6103477478027,46.8388252258301,28.6467323303223,58.0474243164063,39.2956047058106,52.2066650390625,72.2939682006836,9.32624340057373,71.6111297607422,94.9336471557617,73.5180587768555,55.6115798950195,0.240261763334274,12.8542127609253,22.7700500488281,0.0673316717115151,0.779773419051845,0.384623897521237,0.7,Chorotega,37.07843192876664,3.6130354509352416,6.50612779775519,10.119163248690432
509,Guanacaste,Nandayure,568.14,0.717251217473581,0.966518401819312,0.0546045029290767,0.360626206625312,49.6835289001465,11469.0547248137,11865.0,5910.0,40877.05633656165,519,621,3.5641172980125995,45.252203643001664,3.4451796322428696,43.742098609355246,0.738344952892985,0.963906775635472,0.409449929006973,45.8267135620117,52.338811630847026,47.5785140991211,63.5642471313477,32.5333976745606,30.3472938537598,37.5935745239258,54.3155937194824,81.8520812988281,4.21692705154419,48.296443939209,16.0959053039551,55.4813461303711,27.2598628997803,0.0707540363073349,5.92749357223511,61.2198104858398,0.0738237061740579,0.568681120327192,0.0,0.8,Chorotega,20.18702208049724,3.0050399266715444,6.342367867223464,9.347407793895009
510,Guanacaste,La Cruz,1385.4,0.692153970110043,0.781885093660305,0.113001628310986,0.59883264270924,38.9574851989746,27752.1489212555,28567.0,12754.0,89074.39848773908,522,699,3.209639683776581,18.80935424068,3.11808725059471,18.272832289004796,0.691442956088186,0.717806939289772,0.633860146076446,42.2975997924805,24.468792662862743,35.4539070129395,38.9720115661621,25.4864883422852,47.9063491821289,40.6460037231445,11.1185445785522,73.1190948486328,7.64299011230469,80.3969573974609,72.6910858154297,89.5231552124023,16.2950744628906,0.14507794380188,1.95387744903564,38.5620841979981,0.0439603476463611,0.5013702231906,1.0,0.85,Chorotega,20.031867273895983,2.997324369191664,7.233744185588505,10.231068554780169
511,Guanacaste,Hojancha,262.99,0.759073606046182,0.768444864769258,0.0524708538526854,0.337699744369975,46.718376159668,7148.57248341905,8131.0,4162.0,30552.123562939032,450,568,4.273877565598444,62.9496309988833,3.757486602255446,55.3437461566843,0.729361376383005,0.941227008460032,0.366569346018282,44.1438522338867,69.85610625999263,34.562873840332,56.7751426696777,31.5686168670654,36.5604553222656,45.1358642578125,58.8137016296387,63.6119689941406,12.1866207122803,56.9346351623535,30.8783226013184,67.0744857788086,29.5951728820801,0.305701315402985,11.5893592834473,40.8646011352539,0.0317182255169947,0.669080751962904,0.0,0.65,Chorotega,27.181917500357617,3.302551954444951,5.572116008641191,8.874667963086141
601,Puntarenas,Puntarenas,1786.4,0.773970035348399,0.703790598315143,0.0574966456313559,0.717991900523218,46.1441040039063,148060.751301985,145711.0,72768.0,805671.5679677606,4668,5867,5.4414931768413854,31.527599035879117,5.529243282715516,32.036016498411236,0.740632771322102,0.703382629509296,0.761662542688674,47.4036140441895,40.264633418204525,42.1153793334961,35.5564689636231,29.8536224365234,46.6194534301758,61.6854782104492,38.3314361572266,68.8468933105469,12.5270023345947,46.0547714233398,36.8381004333496,60.714054107666,49.9231452941895,0.531002283096314,25.4772453308105,20.8047294616699,0.526967711659544,0.594999890433328,1.0,0.75,Pacífico Central,82.8821939666284,4.417420249765879,7.487957700525948,11.905377950291827
602,Puntarenas,Esparza,217.23,0.789413210229073,0.818753782525702,0.0402321033909099,0.524764130931261,51.0802459716797,35161.3310321991,39759.0,19259.0,134503.97569006527,1243,1572,3.825337998919689,35.35133521713722,3.382981857945755,31.263361754571292,0.763612604668387,0.83285862002231,0.424150729604483,49.5133590698242,39.538217762016146,50.0920715332031,49.512882232666,35.4990959167481,51.7923049926758,59.9060592651367,48.2301368713379,62.529167175293,30.2524299621582,48.5042762756348,37.5363273620606,44.2295455932617,68.1363067626953,0.925245046615601,36.5243225097656,74.0839385986328,0.0960821100456332,0.30297441367941,1.0,0.7,Pacífico Central,161.86222451870876,5.0867455074471595,5.380956700068839,10.467702207515998
603,Puntarenas,Buenos Aires,2382.94,0.627125103234115,0.852963577526359,0.0876300105289672,0.443207379280606,32.8618507385254,54690.4861929181,55443.0,25975.0,140556.01605715166,1419,1824,2.5700268152919135,25.94601179800349,2.535144491769054,25.59385314647476,0.592681864732308,0.794249456284501,0.389134328992859,30.9002265930176,32.89865267031005,23.3429470062256,31.7948913574219,25.610294342041,38.2549514770508,34.0478782653809,14.1755647659302,62.8064193725586,0.940224707126617,70.5876312255859,48.0026054382324,54.138355255127,44.829029083252,0.0843458026647568,5.55986547470093,20.9398746490479,0.0888481287873712,0.846726203085081,0.0872551852499723,0.75,Brunca,22.950844835756712,3.1333547478445514,7.7760902984351405,10.909445046279691
604,Puntarenas,Montes de Oro,247.59,0.753713704735878,0.866192866713206,0.0426046989276284,0.31237836541329,42.6324310302734,14894.3576294311,14709.0,7456.0,80914.08512843915,584,722,5.432532717527457,39.20947881941695,5.5009915785192165,39.703582840437825,0.716633807999504,0.778641306227596,0.29953961806876,43.4415054321289,49.08559385410293,38.0946159362793,48.6265525817871,29.805700302124,57.2958717346191,43.5757522583008,27.0992984771729,53.9292335510254,17.8938426971436,57.7813873291016,76.3102569580078,69.2262878417969,58.5779190063477,0.162351354956627,23.4218521118164,35.514835357666,0.109437152368578,0.540076309284582,0.0,0.6,Pacífico Central,60.1573473461412,4.096963585353974,5.511774152272703,9.608737737626676
605,Puntarenas,Osa,1932.7,0.720701795155522,0.611735789428899,0.08433545266114,0.631435676978105,45.3524627685547,29494.7389772653,31496.0,14960.0,175568.21647769003,2027,2638,5.952526537462119,68.72412064953083,5.574302021770702,64.35737871475743,0.687415305378798,0.495639804880594,0.673815838816896,44.0357398986816,83.75666751333502,46.4921264648438,50.2726974487305,32.734992980957,36.9501304626465,50.666015625,25.1150856018066,75.236198425293,7.74957847595215,63.972599029541,60.0112152099609,1.35587579279672e-05,58.7297248840332,0.187190860509872,5.11037015914917,32.3530731201172,0.20718864270458,0.921383936616106,0.647170128591736,0.75,Brunca,15.26089873092839,2.7252939186783456,7.566673267991422,10.291967186669767
606,Puntarenas,Quepos,557.85,0.745336083060049,0.601627980246909,0.0590783711683047,0.713690750754001,42.8447761535645,34707.0915826573,34487.0,17164.0,217810.4526159978,1976,2474,6.275675738984566,56.93360952743683,6.315726291530078,57.29695247484559,0.736305172220919,0.739692421103066,0.467921322518627,45.110652923584,71.73717632731174,48.6269493103027,47.3491134643555,32.1187324523926,52.8446006774902,51.4617614746094,20.4762763977051,47.0359954833984,6.31369066238403,60.272575378418,78.1175537109375,65.7256011962891,57.4897155761719,0.504414021968842,21.6424026489258,35.5943222045898,0.246697309576626,0.808065693439378,1.0,0.8,Pacífico Central,62.21581353886761,4.130609204391681,6.324090109039189,10.45469931343087
607,Puntarenas,Golfito,1032.32,0.771906013473197,0.765046024533794,0.0736053751247961,0.530406677510483,37.0788269042969,45783.167033774,46988.0,22415.0,192734.74084824996,1166,1511,4.209729324886384,25.46787554342512,4.101786431604877,24.81484634374734,0.744529614395064,0.770415649447321,0.555445036598502,36.8240165710449,32.157146505490765,20.2227993011475,31.1286773681641,28.5340614318848,45.7644004821777,47.9614753723145,15.4286642074585,70.5117034912109,1.65030992031097,76.1974716186523,55.6673126220703,56.2664566040039,63.6674270629883,0.137606143951416,8.44597816467285,22.7656879425049,0.222584038715753,1.0,0.149042671326179,0.75,Brunca,44.34978207704394,3.792107795035375,6.93956397549679,10.731671770532165
608,Puntarenas,Coto Brus,944.24,0.711801842526594,0.774357969313938,0.169850465570106,0.509567249853435,42.5922775268555,35761.9924110881,44282.0,20092.0,160428.57586685385,1948,2356,4.4860077711193895,54.471238000599136,3.622884600218008,43.99078632401427,0.689338173338751,0.713460485366488,0.490413331102554,40.3279991149902,53.204462309742105,33.2765655517578,33.719669342041,27.8721141815186,48.7572364807129,46.3420486450195,33.8260955810547,74.3522109985352,0.0,64.361328125,39.3048515319824,70.0005416870117,56.8869895935059,0.298010408878326,19.2714996337891,9.45035076141357,0.188268999413741,1.0,0.0,0.85,Brunca,37.87383759540805,3.634260572808286,6.8503803711208135,10.484640943929099
609,Puntarenas,Parrita,483.22,0.753398983113903,0.655403001353073,0.0601880716724683,0.693292801982588,39.8776473999023,22249.9163739786,21366.0,10773.0,101369.01286952388,763,957,4.555927814096213,34.29226371800357,4.744407604115131,35.71094261911448,0.718445529499974,0.675781472552703,0.732115218411826,38.8522148132324,44.79078910418422,44.4714241027832,41.3822135925293,30.0530128479004,48.4003448486328,36.5315093994141,26.5144844055176,51.7905540466309,9.71114826202393,68.4837417602539,48.1807365417481,87.3029251098633,41.6723289489746,0.415940940380096,16.0397682189941,17.9995365142822,0.0851383948087753,0.938032813121576,1.0,0.75,Pacífico Central,46.045106522864536,3.829621492621942,6.180472036492509,10.010093529114451
610,Puntarenas,Corredores,623.61,0.714909442272113,0.71374058226957,0.0610593882671987,0.644419766969398,36.7068634033203,53152.8834048693,54007.0,26103.0,205143.0502881766,2448,3041,3.8594905327258986,46.05582695022223,3.7984529836535375,45.327457551798844,0.667736506055225,0.594937707747968,0.700246624365306,34.7541351318359,56.30751569241024,31.3038311004639,28.7666187286377,17.67311668396,48.4299659729004,49.3581886291504,26.2372035980225,55.1791305541992,0.619969069957733,73.9067001342773,43.0754089355469,72.0482406616211,62.6362266540527,0.773513317108154,26.0562744140625,31.3331451416016,0.27841553509362,0.691249860027461,0.808013672756512,0.8,Brunca,85.23417425132583,4.445402459649887,6.43552517297551,10.880927632625395
611,Puntarenas,Garabito,316.01,0.742904477068787,0.653713643050924,0.0635782317708618,0.657693029358545,49.4516258239746,28298.2228411638,28078.0,13008.0,200371.5997549172,2093,2685,7.080713191057643,73.96224178980714,7.13624901185687,74.54234632096303,0.709673720834339,0.458498910484637,0.53107475903242,50.7355422973633,95.62646912173231,64.9126663208008,45.1880302429199,35.7811813354492,59.3737182617188,45.4717102050781,52.3438110351563,43.0902557373047,23.2037582397461,62.9065742492676,79.7729339599609,63.4681053161621,66.5318069458008,0.76323276758194,27.8928718566895,36.6985855102539,0.21627749095214,0.71449462648204,1.0,0.7,Pacífico Central,89.54850429152178,4.494780425871664,5.755773858655822,10.250554284527485
701,Limón,Limón,1769.38,0.724866640474014,0.632177678823063,0.0773764338997559,0.711563647635734,40.1912689208984,92328.2028323393,100401.0,47413.0,466654.2683020327,3180,4210,5.054298188273413,34.44234700175664,4.647904585631943,31.672991304867484,0.705121902779489,0.640995765111748,0.631767470100155,37.2121925354004,41.931853268393745,42.0708274841309,37.364315032959,30.2391471862793,53.8919944763184,55.7355041503906,22.7539443969727,39.2831573486328,11.6923866271973,55.2474517822266,35.3550987243652,76.0387268066406,84.62841796875,0.363500863313675,21.2994155883789,17.4482593536377,0.960079153660613,0.386175436882323,1.0,0.5,Huetar Caribe,52.18110458597887,3.9547204482461003,7.478384481718759,11.433104929964859
702,Limón,Pococí,2188.19,0.753700628311772,0.860306115276818,0.0548774389327357,0.4636341391574,45.9313354492188,155073.826041374,156626.0,76205.0,789132.086266686,5456,7111,5.088750993066644,35.18324232578313,5.03832113612482,34.834574080931645,0.720663085431672,0.783459223302579,0.599307809186357,46.5076484680176,45.40114668062774,36.5769538879395,34.2172660827637,31.1844310760498,48.6402091979981,61.7914848327637,42.985710144043,66.123291015625,8.80130481719971,55.9104804992676,43.5510482788086,78.8948364257813,69.1640472412109,0.385784506797791,22.8983497619629,40.215934753418,0.442385776947558,0.381334047007806,0.430816732674236,0.6,Huetar Caribe,70.86853794294554,4.26082658248301,7.690829997066065,11.951656579549075
703,Limón,Siquirres,855.15,0.756249245409699,0.716536374077324,0.0856188308873888,0.642217199166245,39.6864624023438,57058.749044345,66036.0,31735.0,457367.62189272256,1512,1945,8.015731672232508,26.499003664186567,6.926034615856844,22.896601853534438,0.735496405103031,0.731237766192941,0.545667050579959,38.6334075927734,29.453631352595554,41.6461524963379,27.9975166320801,29.7112216949463,45.2369346618652,48.1842155456543,23.6530780792236,61.3761253356934,7.42050409317017,32.3034210205078,37.2564888000488,69.1928405761719,63.8025512695313,0.188030943274498,24.7635192871094,39.9603729248047,0.336658358557576,0.845874453863273,0.836335984244132,0.55,Huetar Caribe,66.72367309167397,4.200559808868411,6.7512768921457,10.95183670101411
704,Limón,Talamanca,2792.23,0.725045571582004,0.728078689306034,0.15995328369055,0.435832280242707,30.3142890930176,45601.1985614793,45618.0,21019.0,169066.71711792517,1483,1905,3.7075059965801183,32.52107503272369,3.7061404953729924,32.50909728615897,0.674434240050264,0.682625585690895,0.495200470797689,28.9172134399414,41.75983164540313,27.5066375732422,35.0207366943359,27.6830272674561,19.2321147918701,39.3686218261719,6.66848945617676,56.720401763916,2.91010355949402,27.541934967041,0.0,46.2014617919922,57.9713096618652,0.0575857982039452,0.0,35.4684257507324,0.316811281772088,0.467223844535836,0.209293994662904,0.75,Huetar Caribe,16.331462150854083,2.7930934406871604,7.934595838712859,10.72768927940002
705,Limón,Matina,770.4,0.661014223334815,0.730126367613549,0.0834308811141077,0.653618714713798,34.3975486755371,45291.400921535,47894.0,21885.0,184983.5556415848,657,904,4.084297501904593,14.506064873952969,3.8623534397123813,13.717793460558735,0.604606272941194,0.651854999548099,0.612646967027072,32.2575378417969,18.875015659581575,33.8454055786133,36.7426147460938,33.1884765625,36.9599151611328,37.41455078125,19.9603290557861,42.6715545654297,15.6894969940186,39.9408950805664,18.4968643188477,61.7371330261231,49.2841911315918,0.156535044312477,19.6732940673828,44.1037979125977,0.444055157237926,0.470419701617264,1.0,0.7,Huetar Caribe,58.789461216945746,4.073962607836461,6.646909860483916,10.720872468320376
706,Limón,Guácimo,801.56,0.709976355411244,0.852787633784605,0.0489251986337781,0.538612118805768,43.2936515808106,58247.0487559604,57952.0,27340.0,223390.4010925687,1244,1630,3.835222657005592,21.35730524669204,3.854748776445484,21.46604086140254,0.680905954776937,0.805632553619805,0.584671468794248,43.1364707946777,28.12672556598564,36.0745582580566,34.0355110168457,36.7418098449707,49.7588958740234,51.2153396606445,32.2740440368652,62.9554023742676,15.5003051757813,58.409553527832,36.1628723144531,73.6190643310547,56.6927299499512,0.150449872016907,21.805269241333,47.1357307434082,0.102203171110316,0.432971434260972,0.819273869851784,0.8,Huetar Caribe,72.66711008029394,4.285888876124756,6.686559828885943,10.972448705010699
