cod_canton,provincia,canton,area_km2,IDH_2024,ISC_2025,IPM_2024,IVDAC_2024,ICC_2024,pob_2024,pob_2023,pea_2024,PIB_2022_mill_crc,UJ_total_2024,UJ_total_2022,PIB_percapita_2022,UJ_por_1000hab_2024,PIB_percapita_2022_pob2023,UJ_por_1000hab_2024_pob2023,IDH_2022,ISC_2022,IVDAC_2022,ICC_2023,UJ_por_1000hab_2022_pob2023
101,San José,San José,44.62,0.814500897738676,0.70904142117354,0.0461572271010037,0.702761104983901,66.018798828125,352298.484914735,354025.0,185991.0,8061933.974633149,48943,60795,22.883816762891662,138.92480977272845,22.772216579713717,138.24729891956784,0.787873847642911,0.784623422173329,0.518033156963299,67.8785247802734,171.7251606524963
102,San José,Escazú,34.53,0.91395057800921,0.98253547275172,0.0294885208624327,0.21547419754888,71.9805374145508,70903.348646244,71746.0,36836.0,1994297.058070064,12657,15347,28.126979841532616,178.51060974777366,27.79663058665381,176.41401611239652,0.883739401694961,0.940883332427297,0.172412782706973,68.5653076171875,213.9073955342458
103,San José,Desamparados,118.91,0.800240775186397,0.92952475178278,0.030919748210113,0.479550576918485,51.2223777770996,244173.396489553,251324.0,126764.0,961782.6364857332,10576,13765,3.9389329481145308,43.313481943773084,3.8268634769689056,42.081138291607644,0.77759439411288,0.935812328707536,0.408070203671674,53.335693359375,54.76993840620076
104,San José,Puriscal,555.02,0.800816395008548,0.901867276413838,0.0298642995180177,0.328205349362983,42.2429428100586,39069.2826194758,38872.0,20112.0,131375.19933617412,1557,1968,3.3626212340710953,39.85228024698475,3.379687161354551,40.054537970775876,0.777582068905522,0.895863107867228,0.282224335559027,42.6156234741211,50.62770117308088
105,San José,Tarrazú,291.27,0.755295656093119,0.976008310119945,0.0826241191144547,0.290291904213708,39.3525924682617,17990.1756830942,18908.0,9171.0,101427.39837430228,1642,1844,5.637932622837922,91.27203807926273,5.3642584289349635,86.84154855087793,0.735621652241579,0.972922847375117,0.295224976564886,39.0774269104004,97.52485720330019
106,San José,Aserrí,168.26,0.794624761464801,0.925447352434989,0.0388773787620771,0.443198570409408,42.0841407775879,62687.9486110922,64920.0,32534.0,146549.8663366766,2181,2830,2.337767778075699,34.79137614680356,2.257391656449116,33.59519408502773,0.773196396943943,0.898605339376185,0.406262634103902,40.0155830383301,43.59211337030191
107,San José,Mora,163.47,0.858365996441958,0.923322261442979,0.0350487365175704,0.286162308133625,47.481689453125,28730.9952515327,30956.0,15901.0,227401.19520416745,2040,2567,7.9148387730159255,71.0034574904318,7.345948934105422,65.89998707843391,0.835937588327708,0.978120276978427,0.349313921720094,46.069278717041,82.92415040702933
108,San José,Goicoechea,31.7,0.809666849367857,0.920748565913876,0.0361143045044856,0.376530074969931,55.34326171875,139708.297430376,141800.0,73033.0,1077348.5657354991,7925,9941,7.711414322205155,56.72533518597523,7.597662663861066,55.888575458392104,0.786036127749148,0.913065065440173,0.312651343596481,55.9379425048828,70.10578279266574
109,San José,Santa Ana,61.42,0.906830327783547,0.910667410365794,0.0263333654863372,0.2844906339014,61.8384513854981,61701.0087259139,62538.0,31185.0,2023369.9902334537,8114,10038,32.79314280292561,131.5051433930964,32.35424846067117,129.7451149700982,0.89480720939612,0.922999034231364,0.235921959764501,62.7193298339844,160.5104096709201
110,San José,Alajuelita,21.47,0.758261893368289,0.914916887453922,0.0550704643556415,0.63400317893833,44.737922668457,96711.6441973667,98409.0,48376.0,198618.61227500896,2191,3019,2.0537197348198637,22.654976225289502,2.0182972317065406,22.26422380066864,0.740239255528497,0.920002232059199,0.356662532400509,42.9423866271973,30.678088386224836
111,San José,Vázquez de Coronado,223.93,0.848179413643525,0.955929456564006,0.0219549023203575,0.347880927443685,45.3937301635742,71683.8755846546,73532.0,37214.0,324300.5864353442,4237,5348,4.524038129779458,59.10673726054812,4.410332731808522,57.62117173475494,0.833364591224813,0.987362483556792,0.228768616829993,45.3432579040527,72.73023989555567
112,San José,Acosta,342.56,0.76168580636429,0.945923430946519,0.0400245399214365,0.399803263055608,38.7364311218262,21955.1029158777,22377.0,11410.0,75580.7234103193,870,1087,3.4425128271960923,39.62632301626904,3.3776075171077133,38.879206327926,0.734094096244451,0.982219668730573,0.360199027622709,40.5022468566895,48.57666353845466
113,San José,Tibás,8.27,0.809493696582508,0.944884271292786,0.026833920242428,0.345122366697754,59.2566986083984,85124.0366233938,86628.0,44716.0,610637.2226127231,5054,6367,7.173499364395834,59.37218440849948,7.048959027251271,58.341413861569,0.789038169462187,0.90841372492498,0.403073383465036,57.688648223877,73.49817610934109
114,San José,Moravia,28.82,0.866724931692289,0.916712293224245,0.020119040975269,0.236082521336632,58.400936126709,61582.7754449824,63509.0,32612.0,396995.90197377134,5419,6810,6.446541246398428,87.99538443734636,6.251017997036189,85.32648915901683,0.843967203792992,0.930660431622658,0.294473794399381,58.4032821655273,107.22889669180746
115,San José,Montes de Oca,15.78,0.891613552541307,0.933767393005423,0.0135640163083291,0.263892533123488,63.2064895629883,61195.4109892075,62946.0,33278.0,1350329.8068134713,8955,11005,22.065867113003247,146.33450213414392,21.452194052258623,142.26479839862742,0.877095353031251,0.949800356369069,0.327155698331978,63.2519683837891,174.8323960219871
116,San José,Turrubares,416.25,0.805214854927305,0.979809043532606,0.0537000118070641,0.477102269706253,34.0588302612305,7350.59047908974,7100.0,3678.0,17647.859176053662,188,246,2.4008763957476082,25.576176571773996,2.4856139684582623,26.47887323943662,0.812383418391292,0.717349632674062,0.551288934507138,35.7995643615723,34.64788732394366
117,San José,Dota,404.44,0.756406448838213,0.860310775776186,0.0748343676142056,0.296960793600363,40.3537063598633,7798.45138620831,8092.0,3961.0,37884.49470361098,658,766,4.857950999170211,84.37572633506235,4.681722034554001,81.31487889273356,0.721013476675631,0.964495327030447,0.322388455819991,40.0152091979981,94.66139396935245
118,San José,Curridabat,16.06,0.868500387502542,0.91676860904188,0.0357767249632985,0.241726656080557,63.5967254638672,79242.0613531113,81193.0,41166.0,959365.6350198134,8258,10085,12.106772825416227,104.21233192308624,11.815866331085358,101.7082753439336,0.848624022361741,0.952319148672704,0.285076770781661,64.8115386962891,124.21021516633208
119,San José,Pérez Zeledón,1901.08,0.769934629539999,0.831443036727253,0.0506952421554247,0.384939369848637,46.3677024841309,133935.424704047,143293.0,72037.0,692119.0612016355,9003,11138,5.167557893895433,67.21896033027596,4.830096803065296,62.82930778195725,0.721143428115831,0.822532184071549,0.391032756537227,45.0533752441406,77.72884928084414
120,San José,León Cortés Castro,121.89,0.766940535076008,0.893960626203313,0.07244256977066,0.35351213649175,37.9387130737305,13444.7850015614,14097.0,6603.0,88386.58113066849,853,1038,6.574041988801143,63.444673894073986,6.269885871509434,60.50932822586366,0.718624628137572,0.967519643988011,0.342653483101791,33.1595039367676,73.63268780591615
201,Alajuela,Alajuela,391.62,0.833575618846815,0.848420972300311,0.0358523320617833,0.56245801591793,64.3559036254883,325535.314369906,325567.0,164484.0,4518916.906124925,20297,25151,13.881495206968781,62.34961033117441,13.880144198045027,62.34354218947252,0.802324270557824,0.828812008068586,0.562693846845169,64.7925262451172,77.25291568248625
202,Alajuela,San Ramón,1021.74,0.81037374279489,0.832839804943119,0.0440010289487847,0.551565465277664,47.7991561889648,91936.2542568401,96709.0,49118.0,390786.5699246937,5356,6743,4.250625317330883,58.25775743524499,4.04085007522251,55.38264277368187,0.79511991072073,0.768905981950723,0.354624605067494,47.8563690185547,69.72463783101882
203,Alajuela,Grecia,142.47,0.827441075847335,0.936805245283026,0.0385422548831327,0.408615509179618,54.8780860900879,80425.3777349169,97310.0,40553.0,508069.3775069723,4689,5749,6.317276857331969,58.30249272132741,5.22114250854971,48.186209022710926,0.805433074525255,0.911491047379747,0.362978140453096,52.8327140808106,59.07923132257733
204,Alajuela,San Mateo,125.03,0.753973633234521,0.784870760601276,0.0518159318971093,0.296749115800799,47.4162979125977,7506.67668616861,7338.0,3784.0,20837.94492178302,273,356,2.7759214620469628,36.36762463781273,2.8397308424343173,37.20359771054783,0.705167775924304,0.960856933296551,0.236510277718204,47.7118148803711,48.5145816298719
205,Alajuela,Atenas,126.31,0.867123928097109,0.897886608090777,0.0307603062603436,0.408318566092561,48.3459930419922,30387.0109153942,30147.0,15440.0,127204.99517258292,1855,2369,4.186163473819674,61.045820043466286,4.219490999853482,61.531827379175375,0.83955997834009,0.851844478694062,0.324723605573784,48.8018493652344,78.58161674461805
206,Alajuela,Naranjo,127.01,0.794120701298094,0.978828302059394,0.0419576048554376,0.209382203572583,48.7785758972168,50096.6949591677,50234.0,25363.0,172770.04295261708,2410,3007,3.4487313602910676,48.10696597778193,3.4393049120638826,47.97547477803877,0.771573200382904,0.905062196383391,0.31577353730821,47.8622207641602,59.8598558745073
207,Alajuela,Palmares,38.94,0.810258271689201,0.955390453847798,0.027548948954157,0.330897946894506,50.1482200622559,42451.9742033654,42217.0,21529.0,208171.52984612013,2573,3129,4.903694910603646,60.60966652985539,4.930988223846321,60.94701186725727,0.790226404051343,0.927856213496468,0.223192044451302,49.7194061279297,74.1170618471232
208,Alajuela,Poás,74.48,0.797867145041301,0.976776972454983,0.0414551531961477,0.288297952091048,48.9472160339356,35326.3880419904,35362.0,17565.0,166824.9130803861,1674,2038,4.722388059659287,47.386673044813264,4.71763229117092,47.33895141677507,0.748883804846455,0.870321868603227,0.43071807564888,47.6017761230469,57.63248685029127
209,Alajuela,Orotina,145.11,0.796856211212418,0.779726589343413,0.0400300525521101,0.581021164179028,47.5485229492188,24995.1113609038,24764.0,12337.0,101212.19294511428,1040,1279,4.049279536454705,41.6081362864708,4.087069655351085,41.996446454530776,0.75253985785119,0.792915623496105,0.280426137884536,51.4524688720703,51.64755289937005
210,Alajuela,San Carlos,3352.15,0.806722643477325,0.842406550988602,0.0748033739342136,0.395172622028487,49.0851593017578,209952.36142776,209017.0,101579.0,1210334.1479132266,11175,14037,5.764803690144138,53.22636013239161,5.790601472192342,53.464550730323374,0.794611330684923,0.834661426032622,0.348411718211792,49.1242752075195,67.15721687709612
211,Alajuela,Zarcero,157.36,0.812855378705257,0.978414701446153,0.0482820330281705,0.263474801179192,45.4820594787598,14775.2588917292,14766.0,7319.0,112093.28471036784,1080,1270,7.586553002676299,73.0951659063352,7.591310084678846,73.14099959366112,0.800118941175018,0.945385495964523,0.296951481570524,45.0219459533691,86.00839767032372
212,Alajuela,Sarchí,136.76,0.776134620652117,0.940912142444081,0.042728607005442,0.287311109674282,48.7269325256348,22736.1414994956,22797.0,11557.0,111290.822041383,894,1078,4.89488605812257,39.32065605854157,4.881818749896171,39.21568627450981,0.753362992144858,0.89246428843433,0.349100024850582,47.1381340026856,47.28692371803307
213,Alajuela,Upala,1592.67,0.732207325515978,0.860696591096475,0.111683428288634,0.385172770498959,36.7429046630859,56595.6727093407,56173.0,26583.0,175257.27696904005,1501,2004,3.096655072360596,26.521462298163847,3.119955796717997,26.72102255532017,0.721034922747109,0.865383418440466,0.374506925553158,37.1216011047363,35.67550246559735
214,Alajuela,Los Chiles,1332.71,0.685815336372769,0.758338929572492,0.188179463310223,0.392441541544699,31.7370147705078,36830.3295427301,35941.0,16522.0,109791.95498724924,706,922,2.98102016328336,19.168984061923947,3.054782977303059,19.64330430427645,0.66159099861559,0.75990962391805,0.384813016950491,32.7644309997559,25.653153779805795
215,Alajuela,Guatuso,752.83,0.715091043970686,0.795070821022145,0.0869984688487907,0.383042332381702,38.5434341430664,19867.6436389979,19916.0,9648.0,47325.49650175386,669,865,2.382038723951106,33.6728407332025,2.3762550964929634,33.59108254669613,0.688997729160138,0.952665873711139,0.37243029214523,35.583366394043,43.432416147820845
216,Alajuela,Río Cuarto,254.89,0.770049457005558,0.892840931563296,0.0608102285170881,0.318978589575951,45.6533203125,17781.4902712971,,8590.0,56564.26319599312,774,968,3.1810755079004376,43.52841005961078,,,0.748540877678222,0.879241434246809,0.30903899428947,,
301,Cartago,Cartago,278.63,0.847401219385358,0.854583418321063,0.0378735049055782,0.325913002185421,63.2738189697266,162917.634052082,167179.0,85153.0,1841491.276108601,11472,14242,11.303204142529516,70.41595016247656,11.015087278357933,68.62105886504884,0.81550836080713,0.848068129353743,0.289649448469108,64.1404724121094,85.19012555404686
302,Cartago,Paraíso,476.99,0.82122400574703,0.90514422777475,0.0350069551887803,0.42685141279379,50.046688079834,61406.7451341172,64193.0,31818.0,290268.8068144675,2502,3122,4.726985711105472,40.744709633044934,4.521814011098835,38.976212359603075,0.792698347204069,0.903271668569828,0.267876214653423,49.0961761474609,48.63458632561183
303,Cartago,La Unión,44.18,0.863967016911709,0.89769719935535,0.0370191796167392,0.342232553341456,56.6459159851074,113862.04590936,115619.0,58479.0,634391.1150039589,6953,8775,5.571576638531216,61.065124418499764,5.4869105856646305,60.137174685821535,0.841346446435385,0.900667741287923,0.364289985323938,52.8935775756836,75.89583027011132
304,Cartago,Jiménez,250.07,0.768912385807482,0.979458462940032,0.0449697860154212,0.40583059589141,40.5328254699707,15810.9602427005,16379.0,8224.0,115929.27468622784,370,491,7.332209613249095,23.401488228447047,7.077921404617366,22.589901703400695,0.744979131293297,0.836249498295855,0.277108541483307,37.7306137084961,29.9774100982966
305,Cartago,Turrialba,1589.25,0.802503553061161,0.861627959462672,0.0958454349491963,0.569992843973112,42.1530990600586,68965.4720080658,73446.0,36347.0,354888.04935164173,3238,4170,5.1458800906943125,46.95103079438508,4.831958845296432,44.08681207962312,0.785936569229362,0.839720041938453,0.325852848489034,41.1650466918945,56.77640715627808
306,Cartago,Alvarado,79.18,0.840620059107419,0.936407593682095,0.0565232618895922,0.387537946657422,47.4019470214844,15180.4973522278,15704.0,7768.0,90704.80669556448,731,903,5.975087942836944,48.15389002342026,5.775904654582557,46.54865002547122,0.788775247397228,0.975219176669051,0.28339860249106,45.425422668457,57.501273560876214
307,Cartago,Oreamuno,202.9,0.81132868350387,0.881116267440282,0.0329822566627737,0.392901143099252,48.0785331726074,48752.5663290699,50874.0,25335.0,149944.03095752126,2117,2662,3.0756130855846555,43.423355105261145,2.9473607531847557,41.61261155010418,0.794478200891644,0.909498446239215,0.31020257237988,46.7658576965332,52.32535283248811
308,Cartago,El Guarco,172.0,0.823465483077924,0.916878838403417,0.0338262441565656,0.3164683731434,54.5577735900879,45181.1622099125,47261.0,23447.0,221726.6192686208,2861,3534,4.907501454665439,63.322850941897904,4.691534653702224,60.5361714733078,0.813421374070959,0.873678044499205,0.263066122730336,54.8902015686035,74.7762425678678
401,Heredia,Heredia,283.11,0.869531742547576,0.860990938467683,0.0301718316961812,0.46491097770974,64.5118865966797,145753.17484596,147353.0,75757.0,2591032.7246165182,11988,15082,17.776852733087047,82.24863720923801,17.58384779825669,81.35565614544666,0.857025281477311,0.835669936480702,0.26830380466487,63.8569297790527,102.35285335215436
402,Heredia,Barva,56.01,0.844612598339763,0.954088398808081,0.0214894155126912,0.250067315793969,50.559513092041,48455.4164761371,48759.0,24551.0,265154.0563668471,2896,3727,5.47212418445372,59.76628023466059,5.438053618139155,59.39416312885827,0.799944322387465,0.905719419176029,0.283954349145671,48.3141746520996,76.43717057363769
403,Heredia,Santo Domingo,25.4,0.879851666662394,0.935591826897913,0.0159760522868298,0.309018850632759,64.9646682739258,49815.7283148475,50210.0,25836.0,654356.8419671226,4327,5301,13.135547027063991,86.86011720339225,13.032400756166552,86.17805218084047,0.854953720654421,0.894295315448896,0.370497274278059,65.0633163452148,105.57657837084246
404,Heredia,Santa Bárbara,52.1,0.834183399422101,0.923458203483422,0.0272942855025676,0.321855213598517,50.5186767578125,44769.2448830514,44414.0,22279.0,141418.22162385966,2060,2599,3.1588252603607647,46.01373119830905,3.184091088932761,46.38177151348674,0.803724932146006,0.939098056986427,0.276873233609295,47.9204216003418,58.517584545413605
405,Heredia,San Rafael,48.31,0.877151607384471,0.914173028006611,0.0237745886406276,0.282152515881291,49.7838249206543,56366.5975966746,57163.0,28782.0,352210.0267776279,3183,4029,6.24855928501895,56.469613844277596,6.161503538611128,55.682871787694836,0.852152992788562,0.899742019134788,0.253721920307172,49.9188537597656,70.4826548641604
406,Heredia,San Isidro,26.67,0.893620459933979,0.985500593253843,0.0223626487193278,0.266168071939616,49.6711196899414,23372.1497920889,23858.0,12081.0,136780.47888436288,1728,2136,5.852284881840903,73.93414877842774,5.733107506260494,72.4285355017185,0.843084130105016,0.914029948443825,0.189711761748333,48.8140029907227,89.52971749517981
407,Heredia,Belén,12.38,0.908713489067584,0.975316899496195,0.0198648892682172,0.209200833462744,73.4033889770508,26400.4363168843,27032.0,13932.0,2005104.3581570212,3165,3880,75.94966742555934,119.88438228863043,74.17521301261546,117.08345664397751,0.892150738690728,0.965338239292995,0.103950382338256,74.81689453125,143.53358981947324
408,Heredia,Flores,6.75,0.840905410098308,0.983585044553389,0.015387730465346,0.324034369267587,54.4391746520996,22009.6578971217,25655.0,12777.0,515481.90204021113,1993,2460,23.42071396337437,90.55115755618507,20.092843579817234,77.68466185928669,0.852942405461476,0.932044107403251,0.221918995174061,56.9785614013672,95.88774118105633
409,Heredia,San Pablo,8.34,0.889516139284745,0.983476722204224,0.0174743930185232,0.213346611188841,56.1625709533691,30413.0457438652,31659.0,16163.0,222681.54853757416,2590,3265,7.321908841783549,85.16082281967581,7.033751809519384,81.80928014150794,0.853036756152443,0.976299260424942,0.164027761129241,56.1184844970703,103.13023152973878
410,Heredia,Sarapiquí,2144.26,0.728174236407159,0.90716984319972,0.0881583404739214,0.503449395309935,37.8785629272461,94754.3035712029,90036.0,42223.0,295008.42431573354,2162,2751,3.113403963694907,22.816905602344175,3.276560756983135,24.01261717535208,0.709584827165719,0.828940248316395,0.479137278517714,36.4450149536133,30.55444488871118
501,Guanacaste,Liberia,1442.17,0.791302252330911,0.727252280817077,0.0630796668739325,0.459266343196877,51.1711349487305,80807.241453146,80874.0,39861.0,1005549.40868401,3989,5130,12.443803186463828,49.36438774875045,12.433531279323516,49.32363924128892,0.781260695294158,0.657085263562176,0.409823724185017,50.1618461608887,63.43200534164256
502,Guanacaste,Nicoya,1337.57,0.773443406937538,0.636207385839924,0.0579554576631656,0.658217290146886,45.634162902832,58648.8036536389,58117.0,29447.0,282904.58682769566,3164,3978,4.823706012801894,53.948244514680525,4.86784567041822,54.44190168109159,0.775183342072847,0.638107953483153,0.505639107063186,44.6452445983887,68.44813049538001
503,Guanacaste,Santa Cruz,1320.81,0.752324195160108,0.636686512115877,0.0463341300856636,0.607401757684181,47.3688850402832,72442.974913997,72412.0,34666.0,410124.827019844,4740,5985,5.6613471148408365,65.4307751114203,5.663768809311219,65.45876374081644,0.757704894821249,0.619213109368408,0.593805783385283,47.9374465942383,82.65204662210684
504,Guanacaste,Bagaces,1277.93,0.745389971021637,0.845471802704435,0.0684898638176287,0.489101102782071,47.3345184326172,25390.6009897136,25203.0,12139.0,167275.1536441752,936,1193,6.588073819597369,36.86403485995461,6.637112789912916,37.138435900488034,0.751699863822465,0.714470767271446,0.539175159401434,47.256290435791,47.33563464666905
505,Guanacaste,Carrillo,599.01,0.753182005265397,0.83346399833103,0.0577049819405919,0.488501469836456,50.0761299133301,49230.8839658532,48641.0,23361.0,300341.9269984793,2317,2994,6.100681174175097,47.06395281480388,6.1746659607836865,47.63471145741247,0.755302508518231,0.755545270933587,0.490221292510981,48.2445106506348,61.5530108344812
506,Guanacaste,Cañas,687.05,0.747975347253472,0.784749461086686,0.0468378815823788,0.475547547169501,47.0058517456055,32561.982938916,33739.0,16249.0,160993.5536466706,1344,1689,4.944218352693177,41.27512757811003,4.771734599326317,39.83520554847505,0.739590420859293,0.726671649730522,0.536149929968053,46.2684707641602,50.060760544177356
507,Guanacaste,Abangares,646.02,0.78289649877353,0.765973228676989,0.0554021894290097,0.60151156468966,47.1742973327637,20064.6751033854,20413.0,9974.0,117679.10546251,835,1072,5.864989333550417,41.61542590137007,5.764909884020477,40.90530544261011,0.753153788753956,0.953749629868887,0.536813442418354,45.014762878418,52.51555381374614
508,Guanacaste,Tilarán,669.23,0.805872381843258,0.966648389412808,0.0398568891036986,0.482932247071149,46.7056541442871,24813.9989996885,22093.0,11106.0,190875.5894175273,1315,1628,7.692254256152886,52.99427956036057,8.639641036415485,59.52111528538451,0.809736638950165,0.811899807726095,0.485314982040353,46.9824523925781,73.68849861947223
509,Guanacaste,Nandayure,568.14,0.717251217473581,0.966518401819312,0.0546045029290767,0.360626206625312,49.6835289001465,11469.0547248137,11865.0,5910.0,40877.05633656165,519,621,3.5641172980125995,45.252203643001664,3.4451796322428696,43.742098609355246,0.738344952892985,0.963906775635472,0.409449929006973,45.8267135620117,52.338811630847026
510,Guanacaste,La Cruz,1385.4,0.692153970110043,0.781885093660305,0.113001628310986,0.59883264270924,38.9574851989746,27752.1489212555,28567.0,12754.0,89074.39848773908,522,699,3.209639683776581,18.80935424068,3.11808725059471,18.272832289004796,0.691442956088186,0.717806939289772,0.633860146076446,42.2975997924805,24.468792662862743
511,Guanacaste,Hojancha,262.99,0.759073606046182,0.768444864769258,0.0524708538526854,0.337699744369975,46.718376159668,7148.57248341905,8131.0,4162.0,30552.123562939032,450,568,4.273877565598444,62.9496309988833,3.757486602255446,55.3437461566843,0.729361376383005,0.941227008460032,0.366569346018282,44.1438522338867,69.85610625999263
601,Puntarenas,Puntarenas,1786.4,0.773970035348399,0.703790598315143,0.0574966456313559,0.717991900523218,46.1441040039063,148060.751301985,145711.0,72768.0,805671.5679677606,4668,5867,5.4414931768413854,31.527599035879117,5.529243282715516,32.036016498411236,0.740632771322102,0.703382629509296,0.761662542688674,47.4036140441895,40.264633418204525
602,Puntarenas,Esparza,217.23,0.789413210229073,0.818753782525702,0.0402321033909099,0.524764130931261,51.0802459716797,35161.3310321991,39759.0,19259.0,134503.97569006527,1243,1572,3.825337998919689,35.35133521713722,3.382981857945755,31.263361754571292,0.763612604668387,0.83285862002231,0.424150729604483,49.5133590698242,39.538217762016146
603,Puntarenas,Buenos Aires,2382.94,0.627125103234115,0.852963577526359,0.0876300105289672,0.443207379280606,32.8618507385254,54690.4861929181,55443.0,25975.0,140556.01605715166,1419,1824,2.5700268152919135,25.94601179800349,2.535144491769054,25.59385314647476,0.592681864732308,0.794249456284501,0.389134328992859,30.9002265930176,32.89865267031005
604,Puntarenas,Montes de Oro,247.59,0.753713704735878,0.866192866713206,0.0426046989276284,0.31237836541329,42.6324310302734,14894.3576294311,14709.0,7456.0,80914.08512843915,584,722,5.432532717527457,39.20947881941695,5.5009915785192165,39.703582840437825,0.716633807999504,0.778641306227596,0.29953961806876,43.4415054321289,49.08559385410293
605,Puntarenas,Osa,1932.7,0.720701795155522,0.611735789428899,0.08433545266114,0.631435676978105,45.3524627685547,29494.7389772653,31496.0,14960.0,175568.21647769003,2027,2638,5.952526537462119,68.72412064953083,5.574302021770702,64.35737871475743,0.687415305378798,0.495639804880594,0.673815838816896,44.0357398986816,83.75666751333502
606,Puntarenas,Quepos,557.85,0.745336083060049,0.601627980246909,0.0590783711683047,0.713690750754001,42.8447761535645,34707.0915826573,34487.0,17164.0,217810.4526159978,1976,2474,6.275675738984566,56.93360952743683,6.315726291530078,57.29695247484559,0.736305172220919,0.739692421103066,0.467921322518627,45.110652923584,71.73717632731174
607,Puntarenas,Golfito,1032.32,0.771906013473197,0.765046024533794,0.0736053751247961,0.530406677510483,37.0788269042969,45783.167033774,46988.0,22415.0,192734.74084824996,1166,1511,4.209729324886384,25.46787554342512,4.101786431604877,24.81484634374734,0.744529614395064,0.770415649447321,0.555445036598502,36.8240165710449,32.157146505490765
608,Puntarenas,Coto Brus,944.24,0.711801842526594,0.774357969313938,0.169850465570106,0.509567249853435,42.5922775268555,35761.9924110881,44282.0,20092.0,160428.57586685385,1948,2356,4.4860077711193895,54.471238000599136,3.622884600218008,43.99078632401427,0.689338173338751,0.713460485366488,0.490413331102554,40.3279991149902,53.204462309742105
609,Puntarenas,Parrita,483.22,0.753398983113903,0.655403001353073,0.0601880716724683,0.693292801982588,39.8776473999023,22249.9163739786,21366.0,10773.0,101369.01286952388,763,957,4.555927814096213,34.29226371800357,4.744407604115131,35.71094261911448,0.718445529499974,0.675781472552703,0.732115218411826,38.8522148132324,44.79078910418422
610,Puntarenas,Corredores,623.61,0.714909442272113,0.71374058226957,0.0610593882671987,0.644419766969398,36.7068634033203,53152.8834048693,54007.0,26103.0,205143.0502881766,2448,3041,3.8594905327258986,46.05582695022223,3.7984529836535375,45.327457551798844,0.667736506055225,0.594937707747968,0.700246624365306,34.7541351318359,56.30751569241024
611,Puntarenas,Garabito,316.01,0.742904477068787,0.653713643050924,0.0635782317708618,0.657693029358545,49.4516258239746,28298.2228411638,28078.0,13008.0,200371.5997549172,2093,2685,7.080713191057643,73.96224178980714,7.13624901185687,74.54234632096303,0.709673720834339,0.458498910484637,0.53107475903242,50.7355422973633,95.62646912173231
612,Puntarenas,Monteverde,53.47,0.794036164040095,0.935810666814049,0.0339559363145212,0.435556428341006,,,,,27794.008187845804,669,782,,,,,0.781635521237852,0.947446004480199,0.511662542688674,,
613,Puntarenas,Puerto Jimenez,720.43,0.818597894840084,0.764379580032417,0.0450839635000503,0.480242902363816,,,,,24352.36397081049,569,689,,,,,0.773412268172973,0.61577261731274,0.686888591581075,,
701,Limón,Limón,1769.38,0.724866640474014,0.632177678823063,0.0773764338997559,0.711563647635734,40.1912689208984,92328.2028323393,100401.0,47413.0,466654.2683020327,3180,4210,5.054298188273413,34.44234700175664,4.647904585631943,31.672991304867484,0.705121902779489,0.640995765111748,0.631767470100155,37.2121925354004,41.931853268393745
702,Limón,Pococí,2188.19,0.753700628311772,0.860306115276818,0.0548774389327357,0.4636341391574,45.9313354492188,155073.826041374,156626.0,76205.0,789132.086266686,5456,7111,5.088750993066644,35.18324232578313,5.03832113612482,34.834574080931645,0.720663085431672,0.783459223302579,0.599307809186357,46.5076484680176,45.40114668062774
703,Limón,Siquirres,855.15,0.756249245409699,0.716536374077324,0.0856188308873888,0.642217199166245,39.6864624023438,57058.749044345,66036.0,31735.0,457367.62189272256,1512,1945,8.015731672232508,26.499003664186567,6.926034615856844,22.896601853534438,0.735496405103031,0.731237766192941,0.545667050579959,38.6334075927734,29.453631352595554
704,Limón,Talamanca,2792.23,0.725045571582004,0.728078689306034,0.15995328369055,0.435832280242707,30.3142890930176,45601.1985614793,45618.0,21019.0,169066.71711792517,1483,1905,3.7075059965801183,32.52107503272369,3.7061404953729924,32.50909728615897,0.674434240050264,0.682625585690895,0.495200470797689,28.9172134399414,41.75983164540313
705,Limón,Matina,770.4,0.661014223334815,0.730126367613549,0.0834308811141077,0.653618714713798,34.3975486755371,45291.400921535,47894.0,21885.0,184983.5556415848,657,904,4.084297501904593,14.506064873952969,3.8623534397123813,13.717793460558735,0.604606272941194,0.651854999548099,0.612646967027072,32.2575378417969,18.875015659581575
706,Limón,Guácimo,801.56,0.709976355411244,0.852787633784605,0.0489251986337781,0.538612118805768,43.2936515808106,58247.0487559604,57952.0,27340.0,223390.4010925687,1244,1630,3.835222657005592,21.35730524669204,3.854748776445484,21.46604086140254,0.680905954776937,0.805632553619805,0.584671468794248,43.1364707946777,28.12672556598564
