control,valor
Duplicados de cod_canton en base82,0
Cantones en marco oficial,84
Cantones en la muestra,82
Faltantes · IDH_2024,0
Faltantes · ICC_2024,0
Faltantes · PIB_percapita_2022,0
Faltantes · UJ_por_1000hab_2024,0
Faltantes · ISC_2025,0
Faltantes · IPM_2024,0
Faltantes · IVDAC_2024,0
Faltantes · Red_vial_pavimentada_pct,0
Faltantes · Cobertura_movil_pct,0
Faltantes · Velocidad_movil_pct,0
Faltantes · Llamadas_completadas_pct,0
Faltantes · Internet_hogares_pct,0
Faltantes · Entidades_financieras_xkm2,0
Faltantes · Log_viviendas_electricidad_xkm2,0
Faltantes · Log_gasto_vial_xkmrvc,0
Faltantes · Pilar_Economico,0
Faltantes · Pilar_Gobierno,0
Faltantes · Pilar_Empresarial,0
Faltantes · Pilar_Infraestructura,0
Faltantes · Pilar_Laboral,0
Faltantes · Pilar_Innovacion,0
Faltantes · Pilar_CalidadVida,0
Faltantes · IVDAC_oferta_trafico,0
Faltantes · IVDAC_demanda,0
Faltantes · IVDAC_manifestacion_violencia,0
Faltantes · IVDAC_institucional,0
