cod_canton,canton,pob_2023,pob_2024,ratio
101,San José,354025.0,352298.484914735,0.9951231831501589
102,Escazú,71746.0,70903.348646244,0.9882550754919299
103,Desamparados,251324.0,244173.396489553,0.9715482663396771
104,Puriscal,38872.0,39069.2826194758,1.005075185724321
105,Tarrazú,18908.0,17990.1756830942,0.9514584135336471
106,Aserrí,64920.0,62687.9486110922,0.9656184320870641
107,Mora,30956.0,28730.9952515327,0.9281236352090935
108,Goicoechea,141800.0,139708.297430376,0.9852489240506065
109,Santa Ana,62538.0,61701.0087259139,0.9866162769182562
110,Alajuelita,98409.0,96711.6441973667,0.9827520267187625
111,Vázquez de Coronado,73532.0,71683.8755846546,0.9748663926542811
112,Acosta,22377.0,21955.1029158777,0.98114594967501
113,Tibás,86628.0,85124.0366233938,0.9826388306713049
114,Moravia,63509.0,61582.7754449824,0.9696700537716292
115,Montes de Oca,62946.0,61195.4109892075,0.9721890348744558
116,Turrubares,7100.0,7350.59047908974,1.0352944336746113
117,Dota,8092.0,7798.45138620831,0.9637236018547096
118,Curridabat,81193.0,79242.0613531113,0.9759715905695233
119,Pérez Zeledón,143293.0,133935.424704047,0.9346962147770443
120,León Cortés Castro,14097.0,13444.7850015614,0.9537337732539831
201,Alajuela,325567.0,325535.314369906,0.9999026755472943
202,San Ramón,96709.0,91936.2542568401,0.9506483807798664
203,Grecia,97310.0,80425.3777349169,0.826486257680782
204,San Mateo,7338.0,7506.67668616861,1.0229867383713014
205,Atenas,30147.0,30387.0109153942,1.0079613532157163
206,Naranjo,50234.0,50096.6949591677,0.9972666910691503
207,Palmares,42217.0,42451.9742033654,1.0055658669106142
208,Poás,35362.0,35326.3880419904,0.9989929314515695
209,Orotina,24764.0,24995.1113609038,1.0093325537434905
210,San Carlos,209017.0,209952.36142776,1.004475049530708
211,Zarcero,14766.0,14775.2588917292,1.0006270412927807
212,Sarchí,22797.0,22736.1414994956,0.9973304162607185
213,Upala,56173.0,56595.6727093407,1.007524481678755
214,Los Chiles,35941.0,36830.3295427301,1.0247441513238391
215,Guatuso,19916.0,19867.6436389979,0.9975719842838873
301,Cartago,167179.0,162917.634052082,0.9745101600804048
302,Paraíso,64193.0,61406.7451341172,0.9565956589366006
303,La Unión,115619.0,113862.04590936,0.9848039328255735
304,Jiménez,16379.0,15810.9602427005,0.96531902086211
305,Turrialba,73446.0,68965.4720080658,0.9389956159364131
306,Alvarado,15704.0,15180.4973522278,0.9666643754602522
307,Oreamuno,50874.0,48752.5663290699,0.9583002384139226
308,El Guarco,47261.0,45181.1622099125,0.9559925141218447
401,Heredia,147353.0,145753.17484596,0.9891429074804041
402,Barva,48759.0,48455.4164761371,0.9937737951175598
403,Santo Domingo,50210.0,49815.7283148475,0.992147546601225
404,Santa Bárbara,44414.0,44769.2448830514,1.0079984888335074
405,San Rafael,57163.0,56366.5975966746,0.9860678690179766
406,San Isidro,23858.0,23372.1497920889,0.9796357528748806
407,Belén,27032.0,26400.4363168843,0.9766364426192772
408,Flores,25655.0,22009.6578971217,0.8579090975295927
409,San Pablo,31659.0,30413.0457438652,0.9606445479599861
410,Sarapiquí,90036.0,94754.3035712029,1.0524046333822348
501,Liberia,80874.0,80807.241453146,0.9991745363546504
502,Nicoya,58117.0,58648.8036536389,1.0091505696033674
503,Santa Cruz,72412.0,72442.974913997,1.000427759404477
504,Bagaces,25203.0,25390.6009897136,1.007443597576225
505,Carrillo,48641.0,49230.8839658532,1.0121272993123744
506,Cañas,33739.0,32561.982938916,0.965114050176828
507,Abangares,20413.0,20064.6751033854,0.9829361242044482
508,Tilarán,22093.0,24813.9989996885,1.1231611369976238
509,Nandayure,11865.0,11469.0547248137,0.9666291382059587
510,La Cruz,28567.0,27752.1489212555,0.9714757909915461
511,Hojancha,8131.0,7148.57248341905,0.8791750686777825
601,Puntarenas,145711.0,148060.751301985,1.016126107857231
602,Esparza,39759.0,35161.3310321991,0.8843615541688448
603,Buenos Aires,55443.0,54690.4861929181,0.9864272530872806
604,Montes de Oro,14709.0,14894.3576294311,1.0126016472520973
605,Osa,31496.0,29494.7389772653,0.9364598354478442
606,Quepos,34487.0,34707.0915826573,1.0063818709269376
607,Golfito,46988.0,45783.167033774,0.9743587093252319
608,Coto Brus,44282.0,35761.9924110881,0.8075965948034889
609,Parrita,21366.0,22249.9163739786,1.0413702318627072
610,Corredores,54007.0,53152.8834048693,0.9841850760988261
611,Garabito,28078.0,28298.2228411638,1.007843252409851
701,Limón,100401.0,92328.2028323393,0.919594454560605
702,Pococí,156626.0,155073.826041374,0.9900899342470216
703,Siquirres,66036.0,57058.749044345,0.8640551978367103
704,Talamanca,45618.0,45601.1985614793,0.9996316927852887
705,Matina,47894.0,45291.400921535,0.945659183228275
706,Guácimo,57952.0,58247.0487559604,1.0050912609739164
