cod_canton,canton,provincia,region_bccr,E_rot,S_rot,C1_sin_rotar_std,C2_sin_rotar_std,cuadrante_original,cuadrante_rotado,cambia
101,San José,San José,Central,2.750118001026978,-2.237564175965201,0.8289659301240359,-3.4471231407985767,Q4,Q4,No
102,Escazú,San José,Central,2.9676343600707233,0.6674697544377933,2.764144218400566,-1.2695969077011577,Q4,Q1,Sí
103,Desamparados,San José,Central,-0.15366292120756594,0.4383684123429501,0.14376284235293194,0.4417141648767078,Q1,Q2,Sí
104,Puriscal,San José,Central,-0.6211499370750648,0.8782982031161378,0.03898547522116886,1.0750419111119218,Q1,Q2,Sí
105,Tarrazú,San José,Central,-0.5365252244458825,0.7590399368015047,0.03391679811950263,0.9288975147623433,Q1,Q2,Sí
106,Aserrí,San José,Central,-0.700143209582795,0.6081450254907683,-0.1876940786123886,0.9081915099844918,Q2,Q2,No
107,Mora,San José,Central,0.14973127774718126,0.9810432615758191,0.7141565247488292,0.6890905562970657,Q1,Q1,No
108,Goicoechea,San José,Central,0.21055196140416874,0.5595146812212656,0.5068003226374037,0.31708396353000956,Q1,Q1,No
109,Santa Ana,San José,Central,2.4504615983148623,0.24416919337280882,2.0962134279346976,-1.292389223242914,Q4,Q1,Sí
110,Alajuelita,San José,Central,-0.7041828435087554,-0.18845505008494223,-0.6741399197789966,0.2773520354260311,Q2,Q3,Sí
111,Vázquez de Coronado,San José,Central,-0.17195667331475806,1.1183702038088115,0.541722866901877,0.9934069386411856,Q1,Q2,Sí
112,Acosta,San José,Central,-0.9008350662150444,0.7434272855541277,-0.2651772607488414,1.1374836112273368,Q2,Q2,No
113,Tibás,San José,Central,0.31257074506196497,0.7984722097079124,0.7328610166190256,0.44516634044428466,Q1,Q1,No
114,Moravia,San José,Central,0.7040570764365786,1.0964967113478583,1.2248771149051303,0.4446093321768841,Q1,Q1,No
115,Montes de Oca,San José,Central,2.194261804511855,0.6133390087086975,2.1164830401128394,-0.8434863053174615,Q4,Q1,Sí
116,Turrubares,San José,Central,-1.1666907852369734,0.8031107785037367,-0.44032493896427743,1.3462051325974986,Q2,Q2,No
117,Dota,San José,Central,-0.36144527628580736,0.2517731035097456,-0.13461492949567727,0.419417696523557,Q2,Q2,No
118,Curridabat,San José,Central,1.2416008427376655,0.7861655683991609,1.4639662446659965,-0.12818653635150712,Q4,Q1,Sí
119,Pérez Zeledón,San José,Brunca,-0.07530182495549424,0.0049776367081143125,-0.05684474443162559,0.049636848603925636,Q2,Q2,No
120,León Cortés Castro,San José,Central,-0.58363874758337,0.33225807126801543,-0.2624328953305909,0.6181897678317148,Q2,Q2,No
201,Alajuela,Alajuela,Central,1.203533077354716,-0.5364494171347785,0.6313766276665007,-1.1565610228032213,Q4,Q4,No
202,San Ramón,Alajuela,Central,0.1359783989830295,-0.34132081393050034,-0.0989507655377263,-0.3538343807654439,Q3,Q4,Sí
203,Grecia,Alajuela,Central,0.2040205445753415,0.5930342290287409,0.5219415671546331,0.34769380190722066,Q1,Q1,No
204,San Mateo,Alajuela,Pacífico Central,-0.5182756649221997,0.16689651191549298,-0.3107816252490444,0.4470781720769524,Q2,Q2,No
205,Atenas,Alajuela,Central,0.13211970991810268,0.6222428858498916,0.48249962654667905,0.4145309845137756,Q1,Q1,No
206,Naranjo,Alajuela,Central,-0.6066430106485131,1.4706889284403468,0.4098750323182034,1.5371870818114037,Q1,Q2,Sí
207,Palmares,Alajuela,Central,-0.11441005013767291,1.001241590374563,0.516419240871283,0.8653817363026659,Q1,Q2,Sí
208,Poás,Alajuela,Central,-0.4690778231467494,1.1975397801787329,0.35354011646291583,1.2365859918865363,Q1,Q2,Sí
209,Orotina,Alajuela,Pacífico Central,0.03411401593188644,-0.6385819515210294,-0.36025690851852404,-0.5283612729525917,Q3,Q4,Sí
210,San Carlos,Alajuela,Huetar Norte,-0.09150218266792588,0.006171372129301917,-0.06899974023828485,0.06041333556427766,Q2,Q2,No
211,Zarcero,Alajuela,Central,-0.2047378461565977,1.1559109002141656,0.5384351013377748,1.043137208870504,Q1,Q2,Sí
212,Sarchí,Alajuela,Central,-0.5615067959447235,0.9941021460626103,0.15665035247929845,1.1309242352016815,Q1,Q2,Sí
213,Upala,Alajuela,Huetar Norte,-1.2967394861147947,-0.005051576720432151,-1.0339607939351676,0.7826134996801309,Q2,Q3,Sí
214,Los Chiles,Alajuela,Huetar Norte,-1.7384365967489053,-0.9764317123486597,-1.974365713220831,0.2783176606937674,Q2,Q3,Sí
215,Guatuso,Alajuela,Huetar Norte,-1.0347848118441905,-0.2532541231253641,-0.9762740363948778,0.42638745709116105,Q2,Q3,Sí
216,Río Cuarto,Alajuela,Huetar Norte,-0.6440939894273094,0.5924303342388247,-0.15266830761820066,0.861697833345139,Q2,Q2,No
301,Cartago,Cartago,Central,0.9530416132983326,0.2966877081972262,0.937636644506913,-0.3422709975318212,Q4,Q1,Sí
302,Paraíso,Cartago,Central,-0.15261488482652152,0.5163705888827589,0.19191378360871567,0.5030894431358371,Q1,Q2,Sí
303,La Unión,Cartago,Central,0.38664509280114123,0.701004736272921,0.7326236464004228,0.3227455046925039,Q1,Q1,No
304,Jiménez,Cartago,Central,-0.9208173956404955,0.8437170079958914,-0.22022517964044508,1.2293347534125998,Q2,Q2,No
305,Turrialba,Cartago,Central,-0.3752034525965614,-0.48842165596573506,-0.5945702741100672,-0.1606845792270388,Q3,Q3,No
306,Alvarado,Cartago,Central,-0.22377190668654265,0.6924287760031458,0.24214518268711532,0.68621948861918,Q1,Q2,Sí
307,Oreamuno,Cartago,Central,-0.2654487189918721,0.5324669173116366,0.11197625678064614,0.5843332596756563,Q1,Q2,Sí
308,El Guarco,Cartago,Central,0.14669014399644362,0.8161796611397907,0.6117291212617121,0.559870270513031,Q1,Q1,No
401,Heredia,Heredia,Central,1.5802511637214798,-0.20506203717414928,1.1318907260457616,-1.1216361102535448,Q4,Q4,No
402,Barva,Heredia,Central,-0.04527864155997217,1.353225832025134,0.7848991456012103,1.1032695224087914,Q1,Q2,Sí
403,Santo Domingo,Heredia,Central,1.2613385827460397,0.8282719340629919,1.5052001804972281,-0.10668567716122569,Q4,Q1,Sí
404,Santa Bárbara,Heredia,Central,-0.2092287647620733,1.0197669785343857,0.45227709319368326,0.9376282832153078,Q1,Q2,Sí
405,San Rafael,Heredia,Central,0.10989165201177158,1.1246496450636114,0.7695990293084876,0.8274239139709566,Q1,Q1,No
406,San Isidro,Heredia,Central,0.19041957838279155,1.515708479417441,1.0708425348465136,1.0894622875404656,Q1,Q1,No
407,Belén,Heredia,Central,4.1884416348061615,-0.10753593543188926,3.2645404251518566,-2.626286945125429,Q4,Q4,No
408,Flores,Heredia,Central,1.1326922234672432,0.7714731232796088,1.3684721110032936,-0.07380063991694724,Q4,Q1,Sí
409,San Pablo,Heredia,Central,0.5563305373686127,1.5706439905971952,1.3950635419856876,0.9111662448918304,Q1,Q1,No
410,Sarapiquí,Heredia,Huetar Norte,-1.2063821027854362,-0.033394279146398774,-0.9793207545166231,0.7052686123553993,Q2,Q3,Sí
501,Liberia,Guanacaste,Chorotega,0.45472695045670175,-0.8738473650638733,-0.16859030291015834,-0.9705478487253407,Q3,Q4,Sí
502,Nicoya,Guanacaste,Chorotega,0.3447492407448533,-1.780203421341763,-0.8058362630126533,-1.6243780894745143,Q3,Q4,Sí
503,Santa Cruz,Guanacaste,Chorotega,0.4908689442616024,-1.678331739408436,-0.627874887611011,-1.6320302918309166,Q3,Q4,Sí
504,Bagaces,Guanacaste,Chorotega,-0.37560491270581,-0.33539246606534595,-0.5020587046890886,-0.038784195080572195,Q3,Q3,No
505,Carrillo,Guanacaste,Chorotega,-0.10647363437439744,-0.3629927075210011,-0.3048446103914484,-0.2239868390008796,Q3,Q3,No
506,Cañas,Guanacaste,Chorotega,-0.22709943010182,-0.44750662657240403,-0.4520089707910609,-0.21800050986910635,Q3,Q3,No
507,Abangares,Guanacaste,Chorotega,0.04572654669966126,-0.9202685201874526,-0.5219020492881132,-0.7593440045657488,Q3,Q4,Sí
508,Tilarán,Guanacaste,Chorotega,-0.1417794248458955,0.49399903683884605,0.1869568240670553,0.47873123946751234,Q1,Q2,Sí
509,Nandayure,Guanacaste,Chorotega,-0.694776073726807,0.6824167642072889,-0.13837245362495973,0.9639810666046261,Q2,Q2,No
510,La Cruz,Guanacaste,Chorotega,-1.0698895266368356,-1.1584730457487067,-1.5533068197751267,-0.27195830668240184,Q3,Q3,No
511,Hojancha,Guanacaste,Chorotega,-0.11067937145134138,-0.15654722291800452,-0.18295395909240247,-0.05731321942291256,Q3,Q3,No
601,Puntarenas,Puntarenas,Pacífico Central,0.0746956911979612,-1.5714042702410829,-0.8938644833564987,-1.2945644488434214,Q3,Q4,Sí
602,Esparza,Puntarenas,Pacífico Central,-0.06568648565902847,-0.28741817299289235,-0.22657408568062024,-0.18864809636674557,Q3,Q3,No
603,Buenos Aires,Puntarenas,Brunca,-1.6170957215804866,-0.311124322989403,-1.4743113307933495,0.7336232118764182,Q2,Q3,Sí
604,Montes de Oro,Puntarenas,Pacífico Central,-0.6618552612407625,0.5303504502604734,-0.20444732524227527,0.8231192368817802,Q2,Q2,No
605,Osa,Puntarenas,Brunca,0.3257140474008396,-2.1556984791061784,-1.048752276300467,-1.9113461843552872,Q3,Q4,Sí
606,Quepos,Puntarenas,Pacífico Central,0.3656560873819339,-2.2187984490333568,-1.055276477951653,-1.9857397832430732,Q3,Q4,Sí
607,Golfito,Puntarenas,Brunca,-0.7076287913001714,-0.6564638652811068,-0.9607834129297288,-0.09262044124195686,Q3,Q3,No
608,Coto Brus,Puntarenas,Brunca,-0.6918383398512432,-1.347263642721288,-1.3672838248249575,-0.6513789633222687,Q3,Q3,No
609,Parrita,Puntarenas,Pacífico Central,-0.15267466789037765,-1.7392253797389714,-1.1764257204605082,-1.2900530996755835,Q3,Q3,No
610,Corredores,Puntarenas,Brunca,-0.4275792204093674,-1.4026684479392622,-1.190809887117752,-0.8557304349576611,Q3,Q3,No
611,Garabito,Puntarenas,Pacífico Central,0.648448396852244,-1.9434523014961897,-0.663428330753306,-1.9383898012332206,Q3,Q4,Sí
701,Limón,Limón,Huetar Caribe,-0.1969900114093992,-2.0825791708171444,-1.4199416604410025,-1.5361337012970415,Q3,Q3,No
702,Pococí,Limón,Huetar Caribe,-0.4852602854107274,-0.043311249149161804,-0.41205114215946764,0.259937040732635,Q2,Q3,Sí
703,Siquirres,Limón,Huetar Caribe,-0.3476837949265783,-1.4495390625387894,-1.1557264328758539,-0.941458404515268,Q3,Q3,No
704,Talamanca,Limón,Huetar Caribe,-1.3158993367832843,-1.0715309386238328,-1.69614152734943,-0.0536053745020254,Q3,Q3,No
705,Matina,Limón,Huetar Caribe,-1.0959682329468488,-1.4729939830133072,-1.764834178939841,-0.5061797728749962,Q3,Q3,No
706,Guácimo,Limón,Huetar Caribe,-0.8001323833991265,-0.29550177534023914,-0.8153557498226953,0.25045584725510034,Q2,Q3,Sí
