canton,E_rot,S_rot,cuadrante_rotado
Desamparados,-0.15366292120756594,0.4383684123429501,Q2
Mora,0.14973127774718126,0.9810432615758191,Q1
Goicoechea,0.21055196140416874,0.5595146812212656,Q1
Santa Ana,2.4504615983148623,0.24416919337280882,Q1
Alajuelita,-0.7041828435087554,-0.18845505008494223,Q3
Vázquez de Coronado,-0.17195667331475806,1.1183702038088115,Q2
Pérez Zeledón,-0.07530182495549424,0.0049776367081143125,Q2
San Ramón,0.1359783989830295,-0.34132081393050034,Q4
Grecia,0.2040205445753415,0.5930342290287409,Q1
San Mateo,-0.5182756649221997,0.16689651191549298,Q2
Atenas,0.13211970991810268,0.6222428858498916,Q1
Palmares,-0.11441005013767291,1.001241590374563,Q2
Orotina,0.03411401593188644,-0.6385819515210294,Q4
San Carlos,-0.09150218266792588,0.006171372129301917,Q2
Zarcero,-0.2047378461565977,1.1559109002141656,Q2
Upala,-1.2967394861147947,-0.005051576720432151,Q3
Paraíso,-0.15261488482652152,0.5163705888827589,Q2
Alvarado,-0.22377190668654265,0.6924287760031458,Q2
El Guarco,0.14669014399644362,0.8161796611397907,Q1
Heredia,1.5802511637214798,-0.20506203717414928,Q4
Barva,-0.04527864155997217,1.353225832025134,Q2
Santa Bárbara,-0.2092287647620733,1.0197669785343857,Q2
San Rafael,0.10989165201177158,1.1246496450636114,Q1
San Isidro,0.19041957838279155,1.515708479417441,Q1
Belén,4.1884416348061615,-0.10753593543188926,Q4
Sarapiquí,-1.2063821027854362,-0.033394279146398774,Q3
Carrillo,-0.10647363437439744,-0.3629927075210011,Q3
Cañas,-0.22709943010182,-0.44750662657240403,Q3
Abangares,0.04572654669966126,-0.9202685201874526,Q4
Tilarán,-0.1417794248458955,0.49399903683884605,Q2
Hojancha,-0.11067937145134138,-0.15654722291800452,Q3
Puntarenas,0.0746956911979612,-1.5714042702410829,Q4
Esparza,-0.06568648565902847,-0.28741817299289235,Q3
Parrita,-0.15267466789037765,-1.7392253797389714,Q3
Limón,-0.1969900114093992,-2.0825791708171444,Q3
Pococí,-0.4852602854107274,-0.043311249149161804,Q3
