canton_excluido,tucker_econ,tucker_seg,n_cambian,var_2comp
Osa,0.9998959217011805,0.9997216630249403,3,76.63728854046565
San José,0.99937125980623,0.9982705194147758,2,76.39841836959378
Vázquez de Coronado,0.9999393467431551,0.9998955716394029,2,76.8135176913221
Talamanca,0.9999332608877582,0.9999572942881275,2,76.96174384106219
Siquirres,0.9999931662343062,0.9999030233759384,2,76.6476730080806
Santa Cruz,0.9999540811698244,0.9997973485007731,2,76.907677300895
La Cruz,0.9999880450891147,0.9999641000182695,2,76.45754490722594
Puntarenas,0.999950246776995,0.9998819418888857,2,76.8777828178526
Abangares,0.999990413066346,0.9999791212693755,2,76.84309652972044
Liberia,0.9999941518724228,0.9999826555856324,2,76.88048394730923
Guatuso,0.9999588043040685,0.999979458125433,2,76.77451892721716
Garabito,0.9999731048940474,0.9998795143469085,2,76.71752764173132
San Isidro,0.999941995497146,0.9998367637454478,2,76.71392698569338
Barva,0.9999521735215445,0.9998845314200413,2,76.67346460539095
Orotina,0.9999895712955786,0.9999653338004437,2,76.9674131842278
Los Chiles,0.999608273440703,0.9993728844344417,2,77.18100472082311
Alajuela,0.9999037569751508,0.9997921415699319,2,77.011330179506
Escazú,0.9997952690902752,0.9997054165536604,2,76.11343233631399
Cañas,0.9999992223969063,0.9999961620864094,2,76.86624372335957
Coto Brus,0.9997739777485593,0.9998632210658598,2,77.2044133704303
Golfito,0.9999957954382996,0.9999852547968648,2,76.77420542931878
Quepos,0.9999723118031592,0.9998525092579635,2,76.71154018647954
Parrita,0.9999688155877691,0.9999409249392631,2,76.75859568541395
Limón,0.9999905228721113,0.9999562192609261,2,76.49528825207308
Belén,0.9989908899735533,0.9996386085783943,2,78.56590509458954
Matina,0.9999774478228721,0.999830677571,2,76.48838208787264
Nicoya,0.999960734163583,0.9998726809943123,2,76.82077554740675
Corredores,0.999984888375492,0.9999448280133607,2,76.74704625899498
Goicoechea,0.9999984975975413,0.9999936740209837,1,76.82409821550549
Acosta,0.999971291503701,0.9999731956845165,1,76.8573540043028
Puriscal,0.9999581493034309,0.9999578058612647,1,76.8241389587275
Aserrí,0.9999661358279535,0.9999685156611238,1,76.85743022206162
Desamparados,0.9999907848996915,0.9999769078344705,1,76.96141663137148
Alajuelita,0.9999628063809481,0.9999570554716721,1,77.09360768812357
Grecia,0.9999987149922805,0.9999893963200598,1,76.84892623863897
San Mateo,0.9999864826428202,0.9999942269859906,1,77.03944832009026
Poás,0.9999967671073228,0.9999832223721384,1,76.74269826987467
Buenos Aires,0.9998903102335698,0.9997361352281064,1,76.9661541763111
Moravia,0.9999931245965388,0.9999001776793534,1,76.69675110889742
Tibás,0.9999930719325079,0.9999684248609488,1,76.86229108461824
Curridabat,0.9999756358334824,0.9999624955269365,1,76.67600278837104
Turrubares,0.9998986040692316,0.9999105779334037,1,77.04684040524512
Mora,0.9999943823627325,0.9999807435146182,1,76.78919819514988
Upala,0.999825430805049,0.9997132114440425,1,76.78293127365964
Palmares,0.9999907833994952,0.999971966430945,1,76.74973357225844
Alvarado,0.9999941796315615,0.99999291533125,1,76.87636638326258
Cartago,0.9999911522404565,0.999998716405876,1,76.86799089111365
Sarchí,0.9999928445148701,0.9999753815022021,1,76.80616214735811
Naranjo,0.9999907086615811,0.999962166919756,1,76.72522223644762
Atenas,0.9999902830262276,0.9999851930815731,1,76.93979326819205
La Unión,0.9999976522820837,0.9999812628192833,1,76.87072000523565
Paraíso,0.999993224131938,0.9999823547760106,1,76.88518886709215
Jiménez,0.9999689459481953,0.9999405177378148,1,76.94295695172853
San Rafael,0.9999471493440468,0.9998956816137576,1,76.81971823591951
Montes de Oro,0.9999897544604984,0.9999818472225387,1,76.8892740278106
Tilarán,0.9999928298905811,0.9999814338550816,1,76.95870250369991
San Pablo,0.9999766523991424,0.9998178083020534,1,76.54055774202779
Heredia,0.9999302496157509,0.9998435116267869,1,76.66358354267494
Oreamuno,0.9999898623165395,0.9999838987472724,1,76.84951348286769
El Guarco,0.9999976599562042,0.9999772839599863,1,76.78542511861973
Santa Bárbara,0.9999537156884877,0.9999033509890268,1,76.79830808945293
Santa Ana,0.9999244856212388,0.9999369258935118,0,76.12008729108202
Dota,0.9999628839274952,0.9999640013588522,0,77.21805657160476
Montes de Oca,0.9999210247139333,0.9999608317463727,0,76.22686549626883
Tarrazú,0.9997950116421546,0.9995691025082933,0,77.43763161112379
Zarcero,0.9999884128733744,0.9999506203942399,0,76.82583996172157
Santo Domingo,0.99999059061918,0.99998036642559,0,76.54821119555531
Turrialba,0.9999944845103176,0.9999940985851188,0,76.95020021882345
Río Cuarto,0.9999922233365572,0.9999833877035119,0,76.8037977853813
San Ramón,0.9999943583665293,0.9999884487698983,0,76.92693890042003
León Cortés Castro,0.9999711789838092,0.9999298227782276,0,76.9894064880623
Pérez Zeledón,0.9999997776082724,0.9999999643327167,0,76.87985808342951
San Carlos,0.9999998936322373,0.9999989452862071,0,76.87663418425552
Flores,0.9999566794701926,0.9999534948354615,0,76.60695200084858
Hojancha,0.9999990273240863,0.9999950234945931,0,77.02209942181213
Nandayure,0.9999790269634693,0.9998694539599672,0,77.05833210854824
Carrillo,0.9999997500238137,0.9999988336113892,0,76.84627808685826
Bagaces,0.9999996697219972,0.9999992101751832,0,76.81944528652843
Sarapiquí,0.999942234516372,0.9999481091864535,0,76.74518292665134
Esparza,0.9999948410544582,0.9999884735054947,0,76.9716059260523
Pococí,0.9999994824704252,0.9999996814674581,0,76.82113680447848
Guácimo,0.999987634739689,0.9999963545817437,0,76.92101166352464
