metodo,k,silhouette,tam_min
Jerárquico promedio · Gower (variables originales),2,0.3506968494154783,1
Jerárquico promedio · Gower (variables originales),3,0.302911140791487,1
Jerárquico promedio · Gower (variables originales),4,0.3045637265867209,1
Jerárquico promedio · Gower (variables originales),5,0.29976696544636655,1
Jerárquico promedio · Gower (variables originales),6,0.2409711240785926,1
Jerárquico promedio · Gower (variables originales),7,0.2247955285645471,1
Jerárquico promedio · Gower (variables originales),8,0.21662620200520782,1
Jerárquico promedio · Gower (ln PIB),2,0.3803016541693413,11
Jerárquico promedio · Gower (ln PIB),3,0.30587723945328277,1
Jerárquico promedio · Gower (ln PIB),4,0.3015833782131805,1
Jerárquico promedio · Gower (ln PIB),5,0.29968421945871737,1
Jerárquico promedio · Gower (ln PIB),6,0.27576399956325937,1
Jerárquico promedio · Gower (ln PIB),7,0.22249628413248146,1
Jerárquico promedio · Gower (ln PIB),8,0.21852109844698583,1
