familia,variable,r,lo,hi,p,rho,p_rho,n,q_fdr
B1 · Pilares ICC vs eje de seguridad construido SIN ICC,Económico,-0.01545987587605524,-0.19136577397027835,0.1659471132810281,0.8903556882731021,0.031181637117575992,0.7809397729502255,82,0.8903556882731021
B1 · Pilares ICC vs eje de seguridad construido SIN ICC,Gobierno,0.2421203187420534,0.053455531526766846,0.4262418727931608,0.02841180227120004,0.2975261479522426,0.006635159988003392,82,0.04972065397460007
B1 · Pilares ICC vs eje de seguridad construido SIN ICC,Empresarial,0.08254460839126013,-0.14545905608076878,0.3065706910039681,0.46096573476596514,0.22036111927384336,0.04666288102983374,82,0.5377933572269593
B1 · Pilares ICC vs eje de seguridad construido SIN ICC,Infraestructura,0.3594194386076453,0.157771273149981,0.5379289010740442,0.0009122669535034856,0.4038811070841632,0.00016803392450468664,82,0.002128622891508133
B1 · Pilares ICC vs eje de seguridad construido SIN ICC,Laboral,0.0929012295585699,-0.09969289077294959,0.2831604296930992,0.40646026784614997,0.09276128905867373,0.4071706263467407,82,0.5377933572269593
B1 · Pilares ICC vs eje de seguridad construido SIN ICC,Innovación,0.4406054248664328,0.26008801215874083,0.5983920966345022,3.43360730006355e-05,0.45638380078579904,1.637534493580108e-05,82,0.00024035251100444852
B1 · Pilares ICC vs eje de seguridad construido SIN ICC,Calidad de vida,0.3852356916992723,0.13487421954600934,0.6019974947653871,0.0003517173797550861,0.2709482918122354,0.013811935463830003,82,0.0012310108291428013
B2 · Componentes IVDAC vs eje de seguridad construido SIN IVDAC,IVDAC · Oferta y tráfico,-0.1720040213477015,-0.3664293775432056,0.023984292897223015,0.12229988648127678,-0.20745763454669608,0.061460158735293716,82,0.12229988648127678
B2 · Componentes IVDAC vs eje de seguridad construido SIN IVDAC,IVDAC · Demanda,-0.5177909127783838,-0.6683939462034427,-0.34312715309724484,6.299956731519043e-07,-0.4451216525879329,2.7882228652976756e-05,82,2.5199826926076173e-06
B2 · Componentes IVDAC vs eje de seguridad construido SIN IVDAC,IVDAC · Manifestación de violencia,-0.4570426987140293,-0.6388403661369514,-0.2671690210985642,1.5864034129106892e-05,-0.4203096393699789,8.446682914530256e-05,82,3.1728068258213784e-05
B2 · Componentes IVDAC vs eje de seguridad construido SIN IVDAC,IVDAC · Institucional,-0.3190777590050225,-0.47059975230260603,-0.15694992414101036,0.0034801614019594586,-0.30318769489049235,0.005625875794387478,82,0.004640215202612611
