pilar,eje,r,p
Económico,Eje económico (con ICC),0.868045926999102,4.799467998196376e-26
Económico,Eje económico (sin ICC),0.82555127556906,1.4201224317529474e-21
Gobierno,Eje económico (con ICC),0.6188221152866505,5.786085786994559e-10
Gobierno,Eje económico (sin ICC),0.6039572995125001,1.89075387593452e-09
Empresarial,Eje económico (con ICC),0.7363810084909285,3.1800951885907957e-15
Empresarial,Eje económico (sin ICC),0.6876722266268194,9.591462369601813e-13
Infraestructura,Eje económico (con ICC),0.6701602384528474,5.7415574576829894e-12
Infraestructura,Eje económico (sin ICC),0.5890116850142543,5.857479276467167e-09
Laboral,Eje económico (con ICC),0.553619399401578,6.863656648337745e-08
Laboral,Eje económico (sin ICC),0.4600889756175087,1.3688267644970971e-05
Innovación,Eje económico (con ICC),0.7144224629175192,4.828531386977725e-14
Innovación,Eje económico (sin ICC),0.6153429969353018,7.676315210226825e-10
Calidad de vida,Eje económico (con ICC),0.04147609073338284,0.7114008633265085
Calidad de vida,Eje económico (sin ICC),-0.014508621114088075,0.8970641067536516
