familia,variable,dif_media_no_pond,lo_u,hi_u,dif_media_pond,lo_w,hi_w,dif_est_no_pond,dif_est_pond,misma_direccion
F2,Red vial cantonal pavimentada,-32.06238776700147,-43.90785845860938,-18.56497983165035,-41.60933287046451,-57.36080105896822,-23.048483037305108,-0.9088526268174593,-1.179473960400561,Sí
F2,Cobertura de redes móviles,0.6622381793635554,-7.156848973321347,8.475341799369863,-6.95171826396988,-15.583692271576941,2.156931085712208,0.03773568805420745,-0.39612314726706693,No
F2,Velocidad de redes móviles,-6.832729026159107,-15.676760145136766,1.5142901778309121,-8.281500516533164,-18.990492462690497,1.3661277115337525,-0.3625707749290175,-0.4394481397343458,Sí
F2,Llamadas completadas (redes móviles),12.701931662478728,5.465083082440946,19.270724513957838,8.675738463274229,1.580274885074359,15.352563386249953,0.7072159579962878,0.4830462682108609,Sí
F2,Viviendas con Internet (ENAHO),-12.264536321734177,-22.2565181596541,-1.8803863995815098,-16.877125612562956,-27.347151540008067,-6.65773962887439,-0.46484947262718646,-0.6396754622153836,Sí
F2,Sucursales financieras por km²,-7.6527663562982156,-12.494743732815058,-3.6255561056306833,-15.59257721112445,-32.11168302593883,-4.4741757981456605,-0.4976908341465956,-1.0140493512274842,Sí
F2,Viviendas con electricidad por km² (log),-26.995464145390535,-36.19375087509458,-17.077920258879754,-33.44663666810308,-46.66959556718758,-18.549363342316898,-1.0055240080216055,-1.2458165555599812,Sí
F2,Gasto municipal vial por km de red (log),-16.605960869490183,-24.92472227192486,-8.169471077964417,-16.813300779349788,-28.052190970387393,-5.357418200180752,-0.799431036312911,-0.8094126302905668,Sí
F3,Económico,-12.306800258273839,-17.594763623447037,-6.965214064477902,-16.82668159284195,-23.006027162815737,-9.54624733631181,-0.7962617052810987,-1.0887023351443978,Sí
F3,Gobierno,-10.724257980099296,-14.503508695505431,-7.054313953500866,-12.807720572108593,-18.120787665740682,-7.264736487649533,-1.096630273985974,-1.3096788743977228,Sí
F3,Empresarial,-4.615350962036562,-8.049216806159437,-1.2554930665340125,-7.767630775522793,-14.082292521853208,-2.4668429221379755,-0.4853255026451908,-0.8168023063687847,Sí
F3,Infraestructura,-12.08624578348045,-17.525213169401514,-6.537780333935728,-17.85113764119128,-24.499073222782364,-10.548981605230848,-0.8059607866948365,-1.1903875855608528,Sí
F3,Laboral,-8.100440062577022,-13.060961780850302,-3.2865293974725267,-12.735318712872235,-18.478437140503296,-6.939196070815678,-0.7351165313772973,-1.155732681912182,Sí
F3,Innovación,-19.23486008570311,-26.74228069943897,-11.579397151798734,-25.77591800918831,-34.79867782503297,-17.09036834720695,-1.0560094479783921,-1.4151188429101722,Sí
F3,Calidad de vida,-4.115504372357094,-8.120948143820597,-0.1340315531349024,-4.126973054189172,-9.601158705774772,1.1022003686098445,-0.4943609253372922,-0.4957385616243502,Sí
