,"E0 · Pesos iguales, 8 indicadores (versión original)",E1 · Sin las 2 densidades por km² (6 indicadores),E2 · Ponderación por 1.er componente principal (8),"E3 · z robusto (mediana/MAD), pesos iguales",L1 · Sin Red vial cantonal pavimentada,L2 · Sin Cobertura de redes móviles,L3 · Sin Velocidad de redes móviles,L4 · Sin Llamadas completadas (redes móviles),L5 · Sin Viviendas con Internet (ENAHO),L6 · Sin Sucursales financieras por km²,L7 · Sin Viviendas con electricidad por km² (log),L8 · Sin Gasto municipal vial por km de red (log),E4 · Sin ENAHO (precisión cantonal no verificada)
Alajuelita,23.0,22.0,23.0,23.0,23.0,23.0,23.0,23.0,23.0,23.0,22.0,23.0,23.0
Upala,7.0,7.0,2.0,8.0,7.0,6.0,3.0,5.0,9.0,7.0,7.0,10.0,9.0
Los Chiles,8.0,8.0,1.0,7.0,8.0,3.0,6.0,3.0,10.0,8.0,8.0,12.0,10.0
Guatuso,13.0,16.0,4.0,14.0,16.0,9.0,11.0,12.0,17.0,13.0,16.0,13.0,17.0
Turrialba,21.0,19.0,13.0,20.0,21.0,18.0,13.0,20.0,20.0,21.0,19.0,18.0,20.0
Sarapiquí,9.0,9.0,6.0,9.0,10.0,10.0,8.0,9.0,11.0,9.0,9.0,7.0,11.0
Bagaces,18.0,20.0,7.0,18.0,19.0,15.0,14.0,18.0,19.0,18.0,20.0,21.0,19.0
Carrillo,19.0,18.0,21.0,21.0,9.0,22.0,21.0,19.0,18.0,19.0,18.0,20.0,18.0
Cañas,22.0,23.0,18.0,22.0,22.0,21.0,22.0,22.0,22.0,22.0,23.0,22.0,22.0
La Cruz,20.0,21.0,3.0,19.0,20.0,16.0,15.0,16.0,21.0,20.0,21.0,19.0,21.0
Hojancha,3.0,3.0,11.0,4.0,3.0,4.0,4.0,4.0,7.0,3.0,3.0,3.0,7.0
Esparza,17.0,14.0,22.0,17.0,15.0,20.0,20.0,21.0,15.0,17.0,14.0,6.0,15.0
Buenos Aires,4.0,6.0,5.0,3.0,4.0,2.0,2.0,8.0,4.0,4.0,6.0,5.0,4.0
Golfito,10.0,11.0,12.0,10.0,12.0,8.0,10.0,14.0,8.0,10.0,11.0,11.0,8.0
Coto Brus,5.0,5.0,9.0,6.0,6.0,5.0,7.0,6.0,5.0,5.0,5.0,8.0,5.0
Parrita,12.0,12.0,8.0,13.0,13.0,11.0,12.0,10.0,16.0,12.0,12.0,16.0,16.0
Corredores,15.0,15.0,17.0,16.0,18.0,12.0,18.0,17.0,14.0,15.0,15.0,17.0,14.0
Limón,11.0,10.0,15.0,11.0,11.0,13.0,16.0,11.0,6.0,11.0,10.0,14.0,6.0
Pococí,16.0,17.0,19.0,15.0,17.0,19.0,19.0,15.0,13.0,16.0,17.0,15.0,13.0
Siquirres,6.0,4.0,16.0,5.0,5.0,14.0,9.0,7.0,3.0,6.0,4.0,4.0,3.0
Talamanca,1.0,1.0,10.0,1.0,1.0,1.0,1.0,1.0,1.0,1.0,1.0,1.0,1.0
Matina,2.0,2.0,14.0,2.0,2.0,7.0,5.0,2.0,2.0,2.0,2.0,2.0,2.0
Guácimo,14.0,13.0,20.0,12.0,14.0,17.0,17.0,13.0,12.0,14.0,13.0,9.0,12.0
