canton,cuadrante_rotado,indice_rezago_E0
San José,Q4,-1.6086565798774102
Escazú,Q1,-1.09301586550041
Desamparados,Q2,-0.8556942411705553
Puriscal,Q2,0.45543604080063754
Tarrazú,Q2,0.12732982036160653
Aserrí,Q2,-0.021453160962083904
Mora,Q1,0.22350648381415084
Goicoechea,Q1,-0.9333447455720851
Santa Ana,Q1,-0.6141543439115369
Alajuelita,Q3,-0.4080694195620553
Vázquez de Coronado,Q2,-0.3956189623610249
Acosta,Q2,0.68718822575903
Tibás,Q1,-1.4284265068131445
Moravia,Q1,-0.6037160538802827
Montes de Oca,Q1,-1.1856026665499102
Turrubares,Q2,1.1193292731928257
Dota,Q2,0.33299073353923425
Curridabat,Q1,-1.351920358923809
Pérez Zeledón,Q2,0.5315906597923652
León Cortés Castro,Q2,0.0937376357553849
Alajuela,Q4,-0.4227913552662884
San Ramón,Q4,0.5083381390262842
Grecia,Q1,0.18400489162682263
San Mateo,Q2,0.36627088482201636
Atenas,Q1,0.36558363886754786
Naranjo,Q2,0.3550803683197664
Palmares,Q2,-0.3059207923381625
Poás,Q2,0.1423511940840937
Orotina,Q4,-0.03822337892077615
San Carlos,Q2,0.16671533580408202
Zarcero,Q2,0.7822640494914475
Sarchí,Q2,0.08979157531959805
Upala,Q3,0.44508724667205257
Los Chiles,Q3,0.43500672699530435
Guatuso,Q3,0.2486946855927947
Río Cuarto,Q2,0.5035151053318245
Cartago,Q1,-0.4901189798583122
Paraíso,Q2,-0.004220653148372208
La Unión,Q1,-0.5910207113413245
Jiménez,Q2,0.20116139275717063
Turrialba,Q3,0.08073508112289778
Alvarado,Q2,0.2938455370208243
Oreamuno,Q2,0.05442461444980182
El Guarco,Q1,0.10075085983117721
Heredia,Q4,-1.195548378961701
Barva,Q2,-0.3905690678220591
Santo Domingo,Q1,-0.8625301346681833
Santa Bárbara,Q2,-0.26642293600935574
San Rafael,Q1,-0.4703273977459379
San Isidro,Q1,-0.14068381563454757
Belén,Q4,-1.1009883394410813
Flores,Q1,-0.9097024188748467
San Pablo,Q1,-0.9229557907069784
Sarapiquí,Q3,0.36963244996336686
Liberia,Q4,-0.17145709327214925
Nicoya,Q4,0.8106164290924788
Santa Cruz,Q4,0.30698038853890663
Bagaces,Q3,0.1094651237995106
Carrillo,Q3,0.1018071000905135
Cañas,Q3,-0.1417872846092837
Abangares,Q4,0.6250859618512131
Tilarán,Q2,-0.029978402343475458
Nandayure,Q2,0.7392244362001764
La Cruz,Q3,0.09231588071155636
Hojancha,Q3,0.5538760896140411
Puntarenas,Q4,0.5928117580153092
Esparza,Q3,0.16110959046810164
Buenos Aires,Q3,0.5505241051973407
Montes de Oro,Q2,0.05225119781191533
Osa,Q4,0.7373673608095221
Quepos,Q4,0.09809673889174453
Golfito,Q3,0.3282904834254583
Coto Brus,Q3,0.4919339004709177
Parrita,Q3,0.28359331575148594
Corredores,Q3,0.1881096357888058
Garabito,Q4,-0.056469922172374086
Limón,Q3,0.3100600768031754
Pococí,Q3,0.16997261569465483
Siquirres,Q3,0.47215010887545944
Talamanca,Q3,1.1001988543063888
Matina,Q3,0.6325792183494096
Guácimo,Q3,0.2386067375473205
